lctn_pr,admin0,admin1,admin2,start_date,end_date,year,month,day,ipcc_region,ipcc_code,lon,lat
5445,BEN,collines,savalou,2012-09-24,2013-01-13,2012,9,24,Western-Africa,WAF,1.85911443745173,7.86455711369611
1355,BEN,donga,djougou,2012-09-10,2012-11-25,2012,9,10,Western-Africa,WAF,1.85060567719929,9.69079560536517
2959,BEN,oueme,aguegues,2010-01-11,2010-02-21,2010,1,11,Western-Africa,WAF,2.5267720223553,6.44692987567054
8311,BEN,oueme,bonou,2010-01-11,2010-02-21,2010,1,11,Western-Africa,WAF,2.47324352241359,6.88112295832215
13004,CMR,adamaoua,ngaoundereurbanhealthdistrict,2011-07-11,2011-10-23,2011,7,11,Central-Africa,CAF,13.5742899108697,7.2857552590786
13012,CMR,centre,bafiahealthdistrict,2011-10-31,2011-12-25,2011,10,31,Central-Africa,CAF,11.1422975217832,4.71586679693096
13035,CMR,centre,obalahealthdistrict,2011-03-14,2011-12-25,2011,3,14,Central-Africa,CAF,11.5369525587928,4.18393043867348
13054,CMR,farnorth,bogohealthdistrict,2011-08-15,2011-09-25,2011,8,15,Central-Africa,CAF,14.62937915268,10.7601822528205
13055,CMR,farnorth,bourhahealthdistrict,2014-07-07,2014-11-30,2014,7,7,Central-Africa,CAF,13.5689898741058,10.245688411856
15273,CMR,farnorth,fotokolhealthdistrict,2018-10-15,2018-12-09,2018,10,15,Central-Africa,CAF,14.2839859553513,12.4508684304542
13057,CMR,farnorth,goulfeyhealthdistrict,2011-06-27,2011-09-18,2011,6,27,Central-Africa,CAF,14.7358221553454,12.3793388191932
13058,CMR,farnorth,guerehealthdistrict,2010-06-07,2010-12-26,2010,6,7,Central-Africa,CAF,15.4122902756618,10.0717892624147
13058,CMR,farnorth,guerehealthdistrict,2011-04-25,2011-10-30,2011,4,25,Central-Africa,CAF,15.4122902756618,10.0717892624147
13059,CMR,farnorth,guidiguishealthdistrict,2010-09-20,2010-12-12,2010,9,20,Central-Africa,CAF,14.7391821728929,10.1008292301114
13060,CMR,farnorth,hinahealthdistrict,2010-06-28,2010-11-28,2010,6,28,Central-Africa,CAF,13.8448817182448,10.4082129129691
13060,CMR,farnorth,hinahealthdistrict,2014-06-23,2014-11-16,2014,6,23,Central-Africa,CAF,13.8448817182448,10.4082129129691
13061,CMR,farnorth,kaelehealthdistrict,2011-06-27,2011-11-27,2011,6,27,Central-Africa,CAF,14.4124735936231,10.1345836868717
13063,CMR,farnorth,kolofatahealthdistrict,2010-07-26,2010-12-12,2010,7,26,Central-Africa,CAF,14.041119931475,11.1516402282916
13083,CMR,farnorth,kousserihealthdistrict,2010-09-13,2011-01-30,2010,9,13,Central-Africa,CAF,14.9156802035221,11.7664037142439
13083,CMR,farnorth,kousserihealthdistrict,2011-04-11,2011-10-30,2011,4,11,Central-Africa,CAF,14.9156802035221,11.7664037142439
13064,CMR,farnorth,kozahealthdistrict,2010-06-14,2010-11-07,2010,6,14,Central-Africa,CAF,13.8872163007986,10.9474840116083
13064,CMR,farnorth,kozahealthdistrict,2014-07-21,2014-11-16,2014,7,21,Central-Africa,CAF,13.8872163007986,10.9474840116083
13065,CMR,farnorth,madahealthdistrict,2010-08-09,2010-12-26,2010,8,9,Western-Africa,WAF,14.358117708914,12.8406775638061
13065,CMR,farnorth,madahealthdistrict,2011-09-19,2011-12-04,2011,9,19,Western-Africa,WAF,14.358117708914,12.8406775638061
13066,CMR,farnorth,magahealthdistrict,2010-11-01,2011-01-30,2010,11,1,Central-Africa,CAF,14.9174132864835,10.9876282975084
13066,CMR,farnorth,magahealthdistrict,2011-07-04,2011-10-23,2011,7,4,Central-Africa,CAF,14.9174132864835,10.9876282975084
13072,CMR,farnorth,mindifhealthdistrict,2011-09-12,2011-11-27,2011,9,12,Central-Africa,CAF,14.4408228358362,10.3950397840969
13073,CMR,farnorth,mogodehealthdistrict,2010-07-19,2010-11-07,2010,7,19,Central-Africa,CAF,13.6600782194278,10.5661986501419
13073,CMR,farnorth,mogodehealthdistrict,2014-05-19,2014-11-16,2014,5,19,Central-Africa,CAF,13.6600782194278,10.5661986501419
13074,CMR,farnorth,mokolohealthdistrict,2010-07-05,2010-11-07,2010,7,5,Central-Africa,CAF,13.8463262616581,10.706151804485
13074,CMR,farnorth,mokolohealthdistrict,2014-09-08,2014-10-26,2014,9,8,Central-Africa,CAF,13.8463262616581,10.706151804485
13075,CMR,farnorth,morahealthdistrict,2010-08-30,2010-11-21,2010,8,30,Central-Africa,CAF,14.5673476681504,11.348086231286
13075,CMR,farnorth,morahealthdistrict,2011-08-08,2011-11-20,2011,8,8,Central-Africa,CAF,14.5673476681504,11.348086231286
13079,CMR,farnorth,rouahealthdistrict,2010-07-12,2010-10-10,2010,7,12,Central-Africa,CAF,13.9610800358035,10.7424737410669
13080,CMR,farnorth,tokomberehealthdistrict,2010-08-16,2010-11-21,2010,8,16,Central-Africa,CAF,14.159404365111,10.8802939422864
13080,CMR,farnorth,tokomberehealthdistrict,2011-08-15,2011-10-09,2011,8,15,Central-Africa,CAF,14.159404365111,10.8802939422864
13081,CMR,farnorth,velehealthdistrict,2010-09-27,2011-01-23,2010,9,27,Central-Africa,CAF,15.0389356881071,10.588302104332
13081,CMR,farnorth,velehealthdistrict,2011-08-08,2011-10-23,2011,8,8,Central-Africa,CAF,15.0389356881071,10.588302104332
13082,CMR,farnorth,yagouahealthdistrict,2010-08-16,2010-12-26,2010,8,16,Central-Africa,CAF,15.1310633511624,10.2461284124988
13092,CMR,littoral,edeahealthdistrict,2011-06-20,2011-09-25,2011,6,20,Western-Africa,WAF,10.0494335448617,3.76005042661505
13122,CMR,north,bibemihealthdistrict,2011-04-25,2011-11-13,2011,4,25,Central-Africa,CAF,13.9346239464227,9.336007037073
13109,CMR,north,figuilhealthdistrict,2010-08-23,2010-12-05,2010,8,23,Central-Africa,CAF,14.0789806427477,9.90444695402164
13109,CMR,north,figuilhealthdistrict,2011-07-18,2011-11-27,2011,7,18,Central-Africa,CAF,14.0789806427477,9.90444695402164
13109,CMR,north,figuilhealthdistrict,2014-08-11,2014-11-09,2014,8,11,Central-Africa,CAF,14.0789806427477,9.90444695402164
13110,CMR,north,garoua1healthdistrict,2011-08-29,2011-10-30,2011,8,29,Central-Africa,CAF,13.230549338884,9.28421356595827
13110,CMR,north,garoua1healthdistrict,2018-09-10,2018-12-02,2018,9,10,Central-Africa,CAF,13.230549338884,9.28421356595827
13111,CMR,north,garoua2healthdistrict,2011-08-29,2011-12-18,2011,8,29,Central-Africa,CAF,13.4321171664576,9.35867087398446
13112,CMR,north,golombehealthdistrict,2010-09-20,2010-11-07,2010,9,20,Central-Africa,CAF,13.7901119096154,9.71435450070282
13112,CMR,north,golombehealthdistrict,2011-07-04,2011-09-18,2011,7,4,Central-Africa,CAF,13.7901119096154,9.71435450070282
13113,CMR,north,guiderhealthdistrict,2011-08-22,2011-11-27,2011,8,22,Central-Africa,CAF,13.8866833546366,10.0462673967649
13114,CMR,north,lagdohealthdistrict,2011-05-23,2011-12-04,2011,5,23,Central-Africa,CAF,13.6023140252163,8.80422647839601
13115,CMR,north,mayooulohealthdistrict,2014-09-01,2014-12-14,2014,9,1,Central-Africa,CAF,13.586382426944,9.99958592510541
13115,CMR,north,mayooulohealthdistrict,2015-09-28,2015-11-08,2015,9,28,Central-Africa,CAF,13.586382426944,9.99958592510541
13117,CMR,north,pitoahealthdistrict,2011-05-30,2011-11-20,2011,5,30,Central-Africa,CAF,13.6517684547034,9.46009724579448
13117,CMR,north,pitoahealthdistrict,2018-08-06,2018-12-02,2018,8,6,Central-Africa,CAF,13.6517684547034,9.46009724579448
13119,CMR,north,reyboubahealthdistrict,2011-07-18,2011-11-20,2011,7,18,Central-Africa,CAF,14.3032349283716,8.80524061073917
13120,CMR,north,tchollirehealthdistrict,2011-08-15,2011-11-20,2011,8,15,Central-Africa,CAF,14.2369070322628,8.16824802757054
13156,CMR,southwest,bueahealthdistrict,2011-02-14,2011-09-18,2011,2,14,Western-Africa,WAF,9.2034188383319009,4.17386039792623
13162,CMR,southwest,kumbahealthdistrict,2011-01-03,2011-10-09,2011,1,3,Western-Africa,WAF,9.38104277667555,4.67393449384183
13167,CMR,southwest,muyukahealthdistrict,2011-01-03,2011-06-26,2011,1,3,Western-Africa,WAF,9.33332315949814,4.3248706220863
13169,CMR,southwest,tikohealthdistrict,2011-01-31,2011-12-18,2011,1,31,Western-Africa,WAF,9.40671029218671,4.08678005645554
13170,CMR,southwest,tombelhealthdistrict,2010-11-15,2011-01-30,2010,11,15,Western-Africa,WAF,9.64087619106119,4.85499497843184
13183,CMR,west,foumbanhealthdistrict,2011-03-28,2011-07-17,2011,3,28,Western-Africa,WAF,10.8722297727912,5.72928269614794
13184,CMR,west,foumbothealthdistrict,2011-04-25,2011-10-16,2011,4,25,Western-Africa,WAF,10.6531396536066,5.41457405989688
13187,CMR,west,kouoptamohealthdistrict,2011-05-09,2011-08-28,2011,5,9,Western-Africa,WAF,10.5873032990088,5.65580421211293
13191,CMR,west,mifihealthdistrict,2011-05-30,2011-08-07,2011,5,30,Western-Africa,WAF,10.4435215208193,5.51690159884518
14207,COD,bandundu,bolobohealthdistrict,2011-05-30,2011-10-23,2011,5,30,Central-Africa,CAF,18.3775509576797,-4.48366001414146
14207,COD,bandundu,bolobohealthdistrict,2012-02-13,2012-06-10,2012,2,13,Central-Africa,CAF,18.3775509576797,-4.48366001414146
14207,COD,bandundu,bolobohealthdistrict,2012-08-13,2012-10-07,2012,8,13,Central-Africa,CAF,18.3775509576797,-4.48366001414146
14208,COD,bandundu,bosobehealthdistrict,2011-08-29,2011-11-20,2011,8,29,Central-Africa,CAF,18.3775509576797,-4.48366001414146
14209,COD,bandundu,ipamuhealthdistrict,2011-08-22,2011-10-23,2011,8,22,Central-Africa,CAF,18.3775509576797,-4.48366001414146
14752,COD,bandundu,mokalahealthdistrict,2011-10-03,2011-11-06,2011,10,3,Central-Africa,CAF,19.0394510272638,-4.0000160324203
14770,COD,equateur,bangabolahealthdistrict,2011-10-24,2011-12-25,2011,10,24,Central-Africa,CAF,19.40116303232,2.30344830006808
14215,COD,equateur,basankusuhealthdistrict,2011-10-24,2011-12-04,2011,10,24,Central-Africa,CAF,19.9368736431099,0.856094386721163
14217,COD,equateur,bingahealthdistrict,2013-02-18,2013-06-16,2013,2,18,Central-Africa,CAF,20.414122341024,2.15018197615281
14246,COD,equateur,lilangabobangihealthdistrict,2012-03-19,2012-09-30,2012,3,19,Central-Africa,CAF,18.0041448918757,0.216960483313255
14246,COD,equateur,lilangabobangihealthdistrict,2018-03-19,2018-06-10,2018,3,19,Central-Africa,CAF,18.0041448918757,0.216960483313255
14252,COD,equateur,lukolelahealthdistrict,2011-06-13,2011-10-23,2011,6,13,Central-Africa,CAF,17.1124105745488,-1.42871815468993
14252,COD,equateur,lukolelahealthdistrict,2016-08-01,2016-09-25,2016,8,1,Central-Africa,CAF,17.1124105745488,-1.42871815468993
14254,COD,equateur,mawuyahealthdistrict,2012-02-20,2012-07-08,2012,2,20,Central-Africa,CAF,18.8305173794365,3.27216284539415
14266,COD,equateur,wangatahealthdistrict,2011-08-29,2011-11-13,2011,8,29,Central-Africa,CAF,18.23066609617,0.0540976175528259
14266,COD,equateur,wangatahealthdistrict,2012-03-19,2012-07-15,2012,3,19,Central-Africa,CAF,18.23066609617,0.0540976175528259
14266,COD,equateur,wangatahealthdistrict,2016-05-30,2016-12-04,2016,5,30,Central-Africa,CAF,18.23066609617,0.0540976175528259
14276,COD,hautkatanga,kampembahealthdistrict,2016-03-07,2016-05-29,2016,3,7,E.Southern-Africa,ESAF,27.8631986773524,-11.7541741368328
14278,COD,hautkatanga,katubahealthdistrict,2019-01-14,2019-06-16,2019,1,14,E.Southern-Africa,ESAF,27.6559719717325,-11.9003669372522
14282,COD,hautkatanga,kilwahealthdistrict,2019-04-01,2019-05-26,2019,4,1,S.Eastern-Africa,SEAF,28.1984376463945,-8.96650821561426
14311,COD,ituri,angumuhealthdistrict,2016-06-20,2016-07-10,2016,6,20,S.Eastern-Africa,SEAF,31.0612569254181,1.95928265452231
14311,COD,ituri,angumuhealthdistrict,2017-09-04,2017-09-24,2017,9,4,S.Eastern-Africa,SEAF,31.0612569254181,1.95928265452231
14315,COD,ituri,fatakihealthdistrict,2017-11-13,2017-12-17,2017,11,13,S.Eastern-Africa,SEAF,30.5553439138496,1.91390629065102
14328,COD,ituri,nyarambehealthdistrict,2016-05-23,2016-07-24,2016,5,23,S.Eastern-Africa,SEAF,31.154728102378,2.15311879407578
14328,COD,ituri,nyarambehealthdistrict,2017-05-08,2017-07-30,2017,5,8,S.Eastern-Africa,SEAF,31.154728102378,2.15311879407578
14332,COD,ituri,tchomiahealthdistrict,2015-04-27,2015-06-14,2015,4,27,S.Eastern-Africa,SEAF,30.5957157721339,1.52788636731258
14336,COD,kasai,ilebohealthdistrict,2017-10-16,2017-12-17,2017,10,16,Central-Africa,CAF,20.7405224706262,-4.30736338727042
14336,COD,kasai,ilebohealthdistrict,2018-06-18,2018-11-18,2018,6,18,Central-Africa,CAF,20.7405224706262,-4.30736338727042
14355,COD,katanga,ankorohealthdistrict,2012-11-12,2013-03-24,2012,11,12,S.Eastern-Africa,SEAF,26.6311484357807,-6.98126558242769
14355,COD,katanga,ankorohealthdistrict,2014-10-27,2014-12-21,2014,10,27,S.Eastern-Africa,SEAF,26.6311484357807,-6.98126558242769
14357,COD,katanga,bukamahealthdistrict,2012-04-16,2012-07-08,2012,4,16,Central-Africa,CAF,25.9596512280406,-9.37301735961713
14357,COD,katanga,bukamahealthdistrict,2013-02-04,2013-04-21,2013,2,4,Central-Africa,CAF,25.9596512280406,-9.37301735961713
14357,COD,katanga,bukamahealthdistrict,2014-01-13,2014-04-27,2014,1,13,Central-Africa,CAF,25.9596512280406,-9.37301735961713
14982,COD,katanga,bunkeyahealthdistrict,2014-02-10,2014-06-15,2014,2,10,S.Eastern-Africa,SEAF,26.822484577878,-10.2747333013572
14983,COD,katanga,butumbahealthdistrict,2010-05-24,2010-08-22,2010,5,24,Central-Africa,CAF,26.3679343651804,-8.88649187413751
14983,COD,katanga,butumbahealthdistrict,2012-07-02,2013-05-05,2012,7,2,Central-Africa,CAF,26.3679343651804,-8.88649187413751
14361,COD,katanga,kabondodiandahealthdistrict,2012-04-30,2013-04-28,2012,4,30,Central-Africa,CAF,25.8808931719758,-8.72926166965824
14361,COD,katanga,kabondodiandahealthdistrict,2014-02-03,2014-06-29,2014,2,3,Central-Africa,CAF,25.8808931719758,-8.72926166965824
14364,COD,katanga,kalemiehealthdistrict,2010-03-08,2010-04-18,2010,3,8,S.Eastern-Africa,SEAF,28.8612674283937,-6.28377251927354
14364,COD,katanga,kalemiehealthdistrict,2010-09-13,2011-06-05,2010,9,13,S.Eastern-Africa,SEAF,28.8612674283937,-6.28377251927354
14364,COD,katanga,kalemiehealthdistrict,2011-10-17,2012-06-10,2011,10,17,S.Eastern-Africa,SEAF,28.8612674283937,-6.28377251927354
14364,COD,katanga,kalemiehealthdistrict,2012-11-12,2013-03-24,2012,11,12,S.Eastern-Africa,SEAF,28.8612674283937,-6.28377251927354
14364,COD,katanga,kalemiehealthdistrict,2013-11-04,2014-02-23,2013,11,4,S.Eastern-Africa,SEAF,28.8612674283937,-6.28377251927354
14946,COD,katanga,kapangahealthdistrict,2010-03-01,2010-06-06,2010,3,1,Central-Africa,CAF,22.3658571021801,-8.34373798541525
14946,COD,katanga,kapangahealthdistrict,2010-09-20,2011-03-27,2010,9,20,Central-Africa,CAF,22.3658571021801,-8.34373798541525
14946,COD,katanga,kapangahealthdistrict,2012-09-10,2012-12-16,2012,9,10,Central-Africa,CAF,22.3658571021801,-8.34373798541525
15024,COD,katanga,kapembahealthdistrict,2014-02-03,2014-05-18,2014,2,3,E.Southern-Africa,ESAF,27.8631986773524,-11.7541741368328
14371,COD,katanga,kapolowehealthdistrict,2013-03-04,2013-06-23,2013,3,4,E.Southern-Africa,ESAF,27.0883213387515,-11.214282678154
14375,COD,katanga,kenyahealthdistrict,2013-01-07,2013-06-02,2013,1,7,E.Southern-Africa,ESAF,27.7757195019356,-11.8909903039689
14376,COD,katanga,kikulahealthdistrict,2013-02-18,2013-07-07,2013,2,18,E.Southern-Africa,ESAF,27.2854913322199,-10.5148130588318
14376,COD,katanga,kikulahealthdistrict,2013-11-25,2014-05-25,2013,11,25,E.Southern-Africa,ESAF,27.2854913322199,-10.5148130588318
14378,COD,katanga,kilwahealthdistrict,2014-02-03,2014-04-13,2014,2,3,S.Eastern-Africa,SEAF,28.1984376463945,-8.96650821561426
14380,COD,katanga,kinkondjahealthdistrict,2010-05-17,2011-01-16,2010,5,17,Central-Africa,CAF,26.2700945538626,-8.30740057904229
14380,COD,katanga,kinkondjahealthdistrict,2011-12-19,2012-06-03,2011,12,19,Central-Africa,CAF,26.2700945538626,-8.30740057904229
14380,COD,katanga,kinkondjahealthdistrict,2012-08-13,2012-12-02,2012,8,13,Central-Africa,CAF,26.2700945538626,-8.30740057904229
14380,COD,katanga,kinkondjahealthdistrict,2014-02-24,2014-05-25,2014,2,24,Central-Africa,CAF,26.2700945538626,-8.30740057904229
14380,COD,katanga,kinkondjahealthdistrict,2014-09-01,2014-12-28,2014,9,1,Central-Africa,CAF,26.2700945538626,-8.30740057904229
14382,COD,katanga,kisangahealthdistrict,2013-03-04,2013-07-07,2013,3,4,E.Southern-Africa,ESAF,27.5523389383152,-11.9168311089732
14383,COD,katanga,kitengehealthdistrict,2012-09-10,2013-03-24,2012,9,10,Central-Africa,CAF,25.7254689590568,-6.51990224140868
14385,COD,katanga,kongolohealthdistrict,2010-10-18,2011-02-06,2010,10,18,S.Eastern-Africa,SEAF,26.563842105573,-5.40837241575615
14385,COD,katanga,kongolohealthdistrict,2011-09-26,2011-12-11,2011,9,26,S.Eastern-Africa,SEAF,26.563842105573,-5.40837241575615
14389,COD,katanga,lubudihealthdistrict,2014-11-24,2014-12-28,2014,11,24,E.Southern-Africa,ESAF,26.106890154734,-10.0788181920713
14391,COD,katanga,lukafuhealthdistrict,2014-02-24,2014-06-29,2014,2,24,S.Eastern-Africa,SEAF,27.6742238616803,-10.673611489606
14393,COD,katanga,malembankuluhealthdistrict,2010-06-28,2011-03-27,2010,6,28,Central-Africa,CAF,26.6433362900814,-7.96226565659462
14393,COD,katanga,malembankuluhealthdistrict,2012-08-27,2013-02-10,2012,8,27,Central-Africa,CAF,26.6433362900814,-7.96226565659462
14393,COD,katanga,malembankuluhealthdistrict,2014-08-25,2014-12-28,2014,8,25,Central-Africa,CAF,26.6433362900814,-7.96226565659462
14397,COD,katanga,mitwabahealthdistrict,2014-10-27,2014-11-23,2014,10,27,S.Eastern-Africa,SEAF,27.2960738541688,-8.83715801222746
14400,COD,katanga,mukangahealthdistrict,2010-01-11,2010-04-04,2010,1,11,S.Eastern-Africa,SEAF,26.9855104329534,-8.25060825666422
14400,COD,katanga,mukangahealthdistrict,2012-12-24,2013-03-03,2012,12,24,S.Eastern-Africa,SEAF,26.9855104329534,-8.25060825666422
14401,COD,katanga,mulongohealthdistrict,2012-09-10,2012-12-30,2012,9,10,S.Eastern-Africa,SEAF,27.381279751674,-7.79569698114523
14403,COD,katanga,nyembahealthdistrict,2011-08-15,2012-02-12,2011,8,15,S.Eastern-Africa,SEAF,28.8832779338081,-5.47535997387938
14403,COD,katanga,nyembahealthdistrict,2014-08-11,2014-11-23,2014,8,11,S.Eastern-Africa,SEAF,28.8832779338081,-5.47535997387938
14406,COD,katanga,pwetohealthdistrict,2013-02-18,2013-08-18,2013,2,18,S.Eastern-Africa,SEAF,29.0066910510668,-8.13896627494978
14455,COD,kinshasa,malukuihealthdistrict,2011-09-05,2012-07-01,2011,9,5,Central-Africa,CAF,16.1564294124834,-4.45135032756054
14456,COD,kinshasa,malukuiihealthdistrict,2011-06-27,2012-12-30,2011,6,27,Central-Africa,CAF,15.782212160214799,-4.41514724001778
14460,COD,kinshasa,montngafulaihealthdistrict,2011-07-18,2011-10-30,2011,7,18,Central-Africa,CAF,15.2984579862117,-4.53698765847868
14466,COD,kinshasa,nselehealthdistrict,2011-09-19,2012-07-29,2011,9,19,Central-Africa,CAF,15.5825286258487,-4.42065574036702
14472,COD,kongocentral,bomabunguhealthdistrict,2012-02-13,2012-11-25,2012,2,13,Central-Africa,CAF,12.974745026035,-5.74085276011705
14481,COD,kongocentral,kitonahealthdistrict,2012-03-26,2012-10-28,2012,3,26,Central-Africa,CAF,12.4428504714912,-5.96905791024223
14489,COD,kongocentral,moandahealthdistrict,2012-01-23,2012-11-18,2012,1,23,Central-Africa,CAF,12.4973722570861,-5.85091798364434
14517,COD,lualaba,dilalahealthdistrict,2019-12-09,2019-12-29,2019,12,9,E.Southern-Africa,ESAF,25.234624782376,-10.575339496982
14518,COD,lualaba,fungurumehealthdistrict,2017-10-30,2018-01-28,2017,10,30,E.Southern-Africa,ESAF,26.2728395202438,-10.7161066528111
14967,COD,lualaba,kanzenzehealthdistrict,2018-12-24,2019-02-03,2018,12,24,E.Southern-Africa,ESAF,25.4394526142286,-10.0132467348981
14969,COD,lualaba,manikahealthdistrict,2019-02-04,2019-03-31,2019,2,4,E.Southern-Africa,ESAF,26.0715453685524,-11.4863125770872
14969,COD,lualaba,manikahealthdistrict,2019-11-25,2019-12-29,2019,11,25,E.Southern-Africa,ESAF,26.0715453685524,-11.4863125770872
14537,COD,maindombe,niokihealthdistrict,2017-09-04,2017-09-24,2017,9,4,Central-Africa,CAF,17.6759929778883,-2.89993624523683
14548,COD,maniema,kailohealthdistrict,2015-10-19,2015-11-15,2015,10,19,Central-Africa,CAF,25.684785787755,-2.50115602011497
14548,COD,maniema,kailohealthdistrict,2019-09-30,2019-11-03,2019,9,30,Central-Africa,CAF,25.684785787755,-2.50115602011497
14554,COD,maniema,lubutuhealthdistrict,2011-08-29,2011-10-23,2011,8,29,S.Eastern-Africa,SEAF,26.9164117586406,-0.623244587008098
14233,COD,mongala,bumbahealthdistrict,2016-04-18,2016-06-05,2016,4,18,Central-Africa,CAF,22.7032473006084,2.24056131412416
14586,COD,nordkivu,kibuahealthdistrict,2017-11-13,2018-06-03,2017,11,13,S.Eastern-Africa,SEAF,28.4771767257487,-1.21792882060389
14587,COD,nordkivu,kirotshehealthdistrict,2010-10-18,2011-02-20,2010,10,18,S.Eastern-Africa,SEAF,29.0145348382847,-1.50495086218057
14587,COD,nordkivu,kirotshehealthdistrict,2011-08-29,2012-03-25,2011,8,29,S.Eastern-Africa,SEAF,29.0145348382847,-1.50495086218057
14587,COD,nordkivu,kirotshehealthdistrict,2012-11-26,2013-05-19,2012,11,26,S.Eastern-Africa,SEAF,29.0145348382847,-1.50495086218057
14587,COD,nordkivu,kirotshehealthdistrict,2013-09-09,2014-02-16,2013,9,9,S.Eastern-Africa,SEAF,29.0145348382847,-1.50495086218057
14587,COD,nordkivu,kirotshehealthdistrict,2017-07-31,2018-02-18,2017,7,31,S.Eastern-Africa,SEAF,29.0145348382847,-1.50495086218057
14588,COD,nordkivu,kyondohealthdistrict,2010-03-22,2010-07-25,2010,3,22,S.Eastern-Africa,SEAF,29.5116761738063,0.0100986806872127
14589,COD,nordkivu,luberohealthdistrict,2011-05-02,2011-07-03,2011,5,2,S.Eastern-Africa,SEAF,29.3606472408695,-0.294745779416234
14591,COD,nordkivu,masisihealthdistrict,2012-12-31,2013-07-07,2012,12,31,S.Eastern-Africa,SEAF,28.7066804624456,-1.4777295313152
14593,COD,nordkivu,mutwangahealthdistrict,2012-01-23,2012-06-17,2012,1,23,S.Eastern-Africa,SEAF,29.7229657492875,0.303778533654318
14594,COD,nordkivu,mwesohealthdistrict,2017-10-09,2017-12-10,2017,10,9,S.Eastern-Africa,SEAF,28.9127402350939,-1.17807756334358
14594,COD,nordkivu,mwesohealthdistrict,2011-01-31,2012-10-14,2011,1,31,S.Eastern-Africa,SEAF,28.9127402350939,-1.17807756334358
14594,COD,nordkivu,mwesohealthdistrict,2013-10-21,2013-12-15,2013,10,21,S.Eastern-Africa,SEAF,28.9127402350939,-1.17807756334358
14597,COD,nordkivu,pingahealthdistrict,2010-02-08,2010-05-30,2010,2,8,S.Eastern-Africa,SEAF,28.4667420396549,-0.631875685324184
14597,COD,nordkivu,pingahealthdistrict,2011-06-13,2011-10-16,2011,6,13,S.Eastern-Africa,SEAF,28.4667420396549,-0.631875685324184
14598,COD,nordkivu,rutshuruhealthdistrict,2012-10-08,2013-03-31,2012,10,8,S.Eastern-Africa,SEAF,29.4007165799028,-1.29606514925273
14599,COD,nordkivu,rwangubahealthdistrict,2010-03-29,2010-07-18,2010,3,29,S.Eastern-Africa,SEAF,29.5394430034552,-1.2218339439978
14599,COD,nordkivu,rwangubahealthdistrict,2011-05-23,2011-07-31,2011,5,23,S.Eastern-Africa,SEAF,29.5394430034552,-1.2218339439978
14599,COD,nordkivu,rwangubahealthdistrict,2012-06-04,2012-09-30,2012,6,4,S.Eastern-Africa,SEAF,29.5394430034552,-1.2218339439978
14600,COD,nordkivu,vuhovihealthdistrict,2011-10-10,2012-01-01,2011,10,10,S.Eastern-Africa,SEAF,29.2541099515651,0.251181624469313
14601,COD,nordkivu,walikalehealthdistrict,2015-09-07,2015-09-27,2015,9,7,S.Eastern-Africa,SEAF,27.8016944439607,-1.12885999756817
14985,COD,nordubangi,bilihealthdistrict,2016-05-30,2016-10-09,2016,5,30,Central-Africa,CAF,19.7181035401321,4.79155408888066
14605,COD,orientale,angumuhealthdistrict,2012-03-12,2012-10-14,2012,3,12,S.Eastern-Africa,SEAF,31.0612569254181,1.95928265452231
14605,COD,orientale,angumuhealthdistrict,2013-08-12,2013-12-15,2013,8,12,S.Eastern-Africa,SEAF,31.0612569254181,1.95928265452231
14612,COD,orientale,bogahealthdistrict,2012-09-10,2012-11-25,2012,9,10,S.Eastern-Africa,SEAF,29.9971761371751,0.981847509220906
14899,COD,orientale,bondohealthdistrict,2012-01-23,2012-07-29,2012,1,23,Central-Africa,CAF,23.501308351838,4.169239
14618,COD,orientale,isangihealthdistrict,2012-03-26,2012-05-27,2012,3,26,Central-Africa,CAF,24.3996247796932,0.894737503258882
14908,COD,orientale,likatihealthdistrict,2012-05-28,2012-07-15,2012,5,28,Central-Africa,CAF,23.7537752035773,3.32021415173088
14623,COD,orientale,lingahealthdistrict,2012-05-28,2012-10-28,2012,5,28,S.Eastern-Africa,SEAF,30.8266844635177,1.91054356587554
14624,COD,orientale,litahealthdistrict,2012-05-07,2012-09-16,2012,5,7,S.Eastern-Africa,SEAF,30.3732532984275,1.58184788033066
14625,COD,orientale,logohealthdistrict,2012-05-07,2012-07-22,2012,5,7,S.Eastern-Africa,SEAF,30.9186775765395,2.17107043831329
14910,COD,orientale,lowahealthdistrict,2011-02-28,2011-05-22,2011,2,28,Central-Africa,CAF,25.592646347186,-1.2696834252777
14910,COD,orientale,lowahealthdistrict,2012-04-02,2012-07-01,2012,4,2,Central-Africa,CAF,25.592646347186,-1.2696834252777
14626,COD,orientale,lubungahealthdistrict,2011-02-21,2011-05-22,2011,2,21,Central-Africa,CAF,23.4304493141444,-5.509298
14626,COD,orientale,lubungahealthdistrict,2012-04-02,2012-07-22,2012,4,2,Central-Africa,CAF,23.4304493141444,-5.509298
14986,COD,orientale,makisokisanganihealthdistrict,2012-07-02,2012-08-12,2012,7,2,Central-Africa,CAF,25.2297210467463,0.520134234967637
14628,COD,orientale,mangobohealthdistrict,2011-02-28,2011-06-05,2011,2,28,Central-Africa,CAF,25.0975130157928,0.603867321456676
14631,COD,orientale,nizihealthdistrict,2012-03-05,2012-06-24,2012,3,5,S.Eastern-Africa,SEAF,30.3238061356381,1.78030364137578
14633,COD,orientale,nyarambehealthdistrict,2012-05-07,2012-11-11,2012,5,7,S.Eastern-Africa,SEAF,31.154728102378,2.15311879407578
14633,COD,orientale,nyarambehealthdistrict,2013-03-18,2013-11-24,2013,3,18,S.Eastern-Africa,SEAF,31.154728102378,2.15311879407578
14635,COD,orientale,rethyhealthdistrict,2013-09-02,2013-12-01,2013,9,2,S.Eastern-Africa,SEAF,30.7411041146801,2.07502701986262
14638,COD,orientale,tchomiahealthdistrict,2012-01-09,2012-10-28,2012,1,9,S.Eastern-Africa,SEAF,30.4597890989263,1.4826198774929
14638,COD,orientale,tchomiahealthdistrict,2012-12-31,2013-06-02,2012,12,31,S.Eastern-Africa,SEAF,30.4597890989263,1.4826198774929
14641,COD,orientale,yahumahealthdistrict,2012-06-04,2012-09-23,2012,6,4,Central-Africa,CAF,23.1431998475334,0.841036173762761
14642,COD,orientale,yakusuhealthdistrict,2011-04-25,2011-07-24,2011,4,25,Central-Africa,CAF,24.6398931551445,0.676074450714632
14988,COD,sudkivu,bunyakirihealthdistrict,2010-01-18,2010-10-03,2010,1,18,S.Eastern-Africa,SEAF,28.4432188664825,-2.03095275423164
14988,COD,sudkivu,bunyakirihealthdistrict,2011-09-19,2011-10-23,2011,9,19,S.Eastern-Africa,SEAF,28.4432188664825,-2.03095275423164
14989,COD,sudkivu,fizihealthdistrict,2013-11-04,2014-01-26,2013,11,4,S.Eastern-Africa,SEAF,29.0505705654667,-4.42557533651802
14989,COD,sudkivu,fizihealthdistrict,2015-12-14,2016-03-06,2015,12,14,S.Eastern-Africa,SEAF,29.0505705654667,-4.42557533651802
14989,COD,sudkivu,fizihealthdistrict,2016-11-21,2017-03-05,2016,11,21,S.Eastern-Africa,SEAF,29.0505705654667,-4.42557533651802
14665,COD,sudkivu,kabarehealthdistrict,2011-12-05,2012-03-11,2011,12,5,S.Eastern-Africa,SEAF,28.7136708515268,-2.43764873900784
14665,COD,sudkivu,kabarehealthdistrict,2019-12-16,2020-01-12,2019,12,16,S.Eastern-Africa,SEAF,28.7136708515268,-2.43764873900784
14667,COD,sudkivu,kalehehealthdistrict,2019-10-21,2020-01-12,2019,10,21,S.Eastern-Africa,SEAF,28.7443265628724,-2.05228090856415
14669,COD,sudkivu,kalongehealthdistrict,2011-04-04,2011-06-26,2011,4,4,S.Eastern-Africa,SEAF,28.484756268469,-2.32904916057498
14670,COD,sudkivu,kamitugahealthdistrict,2013-06-17,2013-11-17,2013,6,17,S.Eastern-Africa,SEAF,28.1595717587766,-3.15195410923592
14671,COD,sudkivu,kaniolahealthdistrict,2010-03-29,2010-06-06,2010,3,29,S.Eastern-Africa,SEAF,28.408640726447,-2.54149107260876
14672,COD,sudkivu,katanahealthdistrict,2010-03-15,2011-01-02,2010,3,15,S.Eastern-Africa,SEAF,28.7853612183747,-2.21752896056508
14672,COD,sudkivu,katanahealthdistrict,2011-10-17,2012-01-29,2011,10,17,S.Eastern-Africa,SEAF,28.7853612183747,-2.21752896056508
14672,COD,sudkivu,katanahealthdistrict,2015-08-03,2015-09-20,2015,8,3,S.Eastern-Africa,SEAF,28.7853612183747,-2.21752896056508
14675,COD,sudkivu,kitutuhealthdistrict,2013-07-01,2014-01-26,2013,7,1,S.Eastern-Africa,SEAF,28.0693695895779,-3.48809511029666
14676,COD,sudkivu,lemerahealthdistrict,2012-08-13,2012-09-23,2012,8,13,S.Eastern-Africa,SEAF,29.0296923396079,-3.00394223548959
14676,COD,sudkivu,lemerahealthdistrict,2013-04-01,2013-06-02,2013,4,1,S.Eastern-Africa,SEAF,29.0296923396079,-3.00394223548959
14679,COD,sudkivu,minovahealthdistrict,2010-10-25,2011-01-23,2010,10,25,S.Eastern-Africa,SEAF,28.9351453888614,-1.78682683188168
14679,COD,sudkivu,minovahealthdistrict,2017-07-31,2018-03-04,2017,7,31,S.Eastern-Africa,SEAF,28.9351453888614,-1.78682683188168
14679,COD,sudkivu,minovahealthdistrict,2012-08-27,2013-01-27,2012,8,27,S.Eastern-Africa,SEAF,28.9351453888614,-1.78682683188168
14679,COD,sudkivu,minovahealthdistrict,2013-04-22,2013-06-09,2013,4,22,S.Eastern-Africa,SEAF,28.9351453888614,-1.78682683188168
14679,COD,sudkivu,minovahealthdistrict,2013-09-02,2014-07-27,2013,9,2,S.Eastern-Africa,SEAF,28.9351453888614,-1.78682683188168
14679,COD,sudkivu,minovahealthdistrict,2014-10-20,2014-12-07,2014,10,20,S.Eastern-Africa,SEAF,28.9351453888614,-1.78682683188168
14680,COD,sudkivu,mitimurhesahealthdistrict,2010-03-29,2010-07-04,2010,3,29,S.Eastern-Africa,SEAF,28.8616165590507,-2.33752604504267
14680,COD,sudkivu,mitimurhesahealthdistrict,2011-10-03,2012-02-05,2011,10,3,S.Eastern-Africa,SEAF,28.8616165590507,-2.33752604504267
14680,COD,sudkivu,mitimurhesahealthdistrict,2014-10-06,2015-01-11,2014,10,6,S.Eastern-Africa,SEAF,28.8616165590507,-2.33752604504267
14680,COD,sudkivu,mitimurhesahealthdistrict,2017-10-09,2018-02-04,2017,10,9,S.Eastern-Africa,SEAF,28.8616165590507,-2.33752604504267
14682,COD,sudkivu,mwanahealthdistrict,2011-12-12,2012-04-08,2011,12,12,S.Eastern-Africa,SEAF,28.7022384553878,-2.91301763429395
14684,COD,sudkivu,nunduhealthdistrict,2010-01-25,2010-03-14,2010,1,25,S.Eastern-Africa,SEAF,29.004578338744,-3.73022093613337
14684,COD,sudkivu,nunduhealthdistrict,2010-08-30,2011-06-26,2010,8,30,S.Eastern-Africa,SEAF,29.004578338744,-3.73022093613337
14684,COD,sudkivu,nunduhealthdistrict,2012-03-12,2012-04-15,2012,3,12,S.Eastern-Africa,SEAF,29.004578338744,-3.73022093613337
14684,COD,sudkivu,nunduhealthdistrict,2012-11-26,2013-05-19,2012,11,26,S.Eastern-Africa,SEAF,29.004578338744,-3.73022093613337
14684,COD,sudkivu,nunduhealthdistrict,2013-12-23,2014-02-16,2013,12,23,S.Eastern-Africa,SEAF,29.004578338744,-3.73022093613337
14684,COD,sudkivu,nunduhealthdistrict,2014-11-17,2015-03-22,2014,11,17,S.Eastern-Africa,SEAF,29.004578338744,-3.73022093613337
14684,COD,sudkivu,nunduhealthdistrict,2018-02-05,2018-04-29,2018,2,5,S.Eastern-Africa,SEAF,29.004578338744,-3.73022093613337
14685,COD,sudkivu,nyangezihealthdistrict,2013-04-01,2013-06-16,2013,4,1,S.Eastern-Africa,SEAF,28.9046398518449,-2.72649645495287
14687,COD,sudkivu,ruzizihealthdistrict,2010-09-20,2010-11-14,2010,9,20,S.Eastern-Africa,SEAF,29.1660226268875,-3.11945719014348
14687,COD,sudkivu,ruzizihealthdistrict,2011-12-19,2012-03-18,2011,12,19,S.Eastern-Africa,SEAF,29.1660226268875,-3.11945719014348
14687,COD,sudkivu,ruzizihealthdistrict,2013-01-07,2013-05-05,2013,1,7,S.Eastern-Africa,SEAF,29.1660226268875,-3.11945719014348
14687,COD,sudkivu,ruzizihealthdistrict,2017-09-04,2017-10-15,2017,9,4,S.Eastern-Africa,SEAF,29.1660226268875,-3.11945719014348
14688,COD,sudkivu,uvirahealthdistrict,2010-04-05,2010-12-05,2010,4,5,S.Eastern-Africa,SEAF,29.1233064201472,-3.42639045704138
14688,COD,sudkivu,uvirahealthdistrict,2012-01-09,2012-04-15,2012,1,9,S.Eastern-Africa,SEAF,29.1233064201472,-3.42639045704138
14688,COD,sudkivu,uvirahealthdistrict,2016-07-18,2016-11-06,2016,7,18,S.Eastern-Africa,SEAF,29.1233064201472,-3.42639045704138
14695,COD,tanganyika,kansimbahealthdistrict,2016-12-05,2017-01-22,2016,12,5,S.Eastern-Africa,SEAF,29.1059862419499,-7.30431622019211
14705,COD,tshopo,basokohealthdistrict,2016-02-15,2016-05-22,2016,2,15,Central-Africa,CAF,23.7472201599288,1.22302627965499
14711,COD,tshopo,opalahealthdistrict,2016-07-25,2016-10-09,2016,7,25,Central-Africa,CAF,24.23861473208,-1.04845621231313
14716,COD,tshopo,yabaondohealthdistrict,2016-10-10,2016-11-13,2016,10,10,Central-Africa,CAF,23.9756158898352,0.624464169125871
14719,COD,tshopo,yakusuhealthdistrict,2019-11-11,2020-01-19,2019,11,11,Central-Africa,CAF,24.6398931551445,0.676074450714632
15271,COG,likouala,betou,2012-01-23,2012-04-08,2012,1,23,Central-Africa,CAF,18.3973114166061,3.12220752665747
15249,COG,likouala,impfondo,2012-03-26,2012-06-03,2012,3,26,Central-Africa,CAF,17.9001717931325,1.37008814170852
16618,ETH,afar,zone1,2018-05-21,2018-08-12,2018,5,21,N.Eastern-Africa,NEAF,41.2405774424474,11.8654850503039
16632,ETH,afar,zone2,2017-09-18,2017-10-22,2017,9,18,N.Eastern-Africa,NEAF,40.6492969109246,13.4507311858846
16631,ETH,afar,zone3,2016-07-18,2017-02-05,2016,7,18,N.Eastern-Africa,NEAF,40.5397445844447,10.0460482001085
16634,ETH,afar,zone4,2019-09-09,2019-11-17,2019,9,9,N.Eastern-Africa,NEAF,40.3176797822176,12.3270500869453
16652,ETH,amhara,awi,2016-08-22,2016-11-13,2016,8,22,N.Eastern-Africa,NEAF,36.5966986774217,11.1952896620902
16652,ETH,amhara,awi,2017-07-03,2017-10-29,2017,7,3,N.Eastern-Africa,NEAF,36.5966986774217,11.1952896620902
16627,ETH,amhara,centralgondar,2016-08-15,2016-11-13,2016,8,15,N.Eastern-Africa,NEAF,37.2937262707408,12.624160769621
16627,ETH,amhara,centralgondar,2017-07-17,2017-09-24,2017,7,17,N.Eastern-Africa,NEAF,37.2937262707408,12.624160769621
16651,ETH,amhara,eastgojam,2017-08-07,2017-10-01,2017,8,7,N.Eastern-Africa,NEAF,37.9312284927913,10.5059739436834
16640,ETH,amhara,northgondar,2016-08-15,2016-11-06,2016,8,15,N.Eastern-Africa,NEAF,38.0656740804957,13.2285778185227
16650,ETH,amhara,northshewa,2016-07-04,2016-11-06,2016,7,4,N.Eastern-Africa,NEAF,39.4860210591579,9.80107339040569
16655,ETH,amhara,northwello,2016-08-01,2016-10-30,2016,8,1,N.Eastern-Africa,NEAF,39.2109261534608,11.908125893248
16654,ETH,amhara,oromiya,2016-08-01,2016-10-23,2016,8,1,N.Eastern-Africa,NEAF,40.0107211164513,10.7410930662107
16648,ETH,amhara,southgondar,2017-07-03,2017-10-01,2017,7,3,N.Eastern-Africa,NEAF,38.1204531718423,11.7485940796205
16656,ETH,amhara,southwello,2016-07-25,2016-10-30,2016,7,25,N.Eastern-Africa,NEAF,39.2080510744174,10.9971008109596
16653,ETH,amhara,waghimra,2016-08-29,2016-12-11,2016,8,29,N.Eastern-Africa,NEAF,38.816875796448,12.7211725144088
16635,ETH,amhara,westgojam,2017-03-20,2017-04-30,2017,3,20,N.Eastern-Africa,NEAF,37.2130525166696,11.0814798082184
16635,ETH,amhara,westgojam,2017-06-19,2017-10-01,2017,6,19,N.Eastern-Africa,NEAF,37.2130525166696,11.0814798082184
16649,ETH,amhara,westgondar,2016-08-22,2016-11-13,2016,8,22,N.Eastern-Africa,NEAF,36.1144791094271,12.5393614429962
16649,ETH,amhara,westgondar,2017-07-17,2017-10-01,2017,7,17,N.Eastern-Africa,NEAF,36.1144791094271,12.5393614429962
16694,ETH,benishangulgumuz,metekel,2016-09-12,2016-11-27,2016,9,12,N.Eastern-Africa,NEAF,35.7693183782962,11.0015647371308
16687,ETH,oromia,arsi,2016-08-22,2016-12-25,2016,8,22,N.Eastern-Africa,NEAF,39.682948454607,7.93718555449114
16622,ETH,oromia,bale,2016-06-27,2016-08-28,2016,6,27,N.Eastern-Africa,NEAF,40.6434271285931,6.76611959342788
16622,ETH,oromia,bale,2016-12-05,2017-07-02,2016,12,5,N.Eastern-Africa,NEAF,40.6434271285931,6.76611959342788
16677,ETH,oromia,borena,2015-11-02,2016-07-03,2015,11,2,N.Eastern-Africa,NEAF,38.2678288580615,4.46301208565313
16619,ETH,oromia,eastharerge,2016-08-22,2016-12-25,2016,8,22,N.Eastern-Africa,NEAF,42.0011087556768,8.82775170773551
16619,ETH,oromia,eastharerge,2017-03-27,2017-10-15,2017,3,27,N.Eastern-Africa,NEAF,42.0011087556768,8.82775170773551
16686,ETH,oromia,eastshewa,2016-07-11,2016-11-06,2016,7,11,N.Eastern-Africa,NEAF,39.1683611806346,8.49339245712216
16697,ETH,oromia,eastwellega,2016-10-10,2016-12-18,2016,10,10,N.Eastern-Africa,NEAF,36.6171665027165,9.40525860743881
16674,ETH,oromia,finfinezuria,2016-06-13,2016-10-09,2016,6,13,N.Eastern-Africa,NEAF,38.5635620624624,9.03144
16675,ETH,oromia,guji,2016-03-21,2016-08-21,2016,3,21,N.Eastern-Africa,NEAF,39.1942038938009,5.56590852945582
16681,ETH,oromia,northshewa,2016-07-25,2016-11-13,2016,7,25,N.Eastern-Africa,NEAF,38.7082975877379,9.76485876463319
16681,ETH,oromia,northshewa,2017-08-21,2017-10-08,2017,8,21,N.Eastern-Africa,NEAF,38.7082975877379,9.76485876463319
16691,ETH,oromia,southwestshewa,2016-07-25,2016-10-02,2016,7,25,N.Eastern-Africa,NEAF,38.1384199237561,8.57931662051675
16673,ETH,oromia,westarsi,2016-08-29,2017-04-02,2016,8,29,N.Eastern-Africa,NEAF,38.9800595527363,7.05873109620862
16673,ETH,oromia,westarsi,2019-08-26,2020-01-05,2019,8,26,N.Eastern-Africa,NEAF,38.9800595527363,7.05873109620862
16685,ETH,oromia,westguji,2016-07-04,2016-10-09,2016,7,4,N.Eastern-Africa,NEAF,38.2726113086303,5.74380758453895
16623,ETH,oromia,westharerge,2016-10-17,2016-12-11,2016,10,17,N.Eastern-Africa,NEAF,40.7731876377788,8.67027513806868
16623,ETH,oromia,westharerge,2017-10-09,2017-11-12,2017,10,9,N.Eastern-Africa,NEAF,40.7731876377788,8.67027513806868
16623,ETH,oromia,westharerge,2019-05-13,2019-08-04,2019,5,13,N.Eastern-Africa,NEAF,40.7731876377788,8.67027513806868
16659,ETH,snnp,gedeo,2016-06-06,2016-08-21,2016,6,6,N.Eastern-Africa,NEAF,38.272444746655,6.1436532868386
16662,ETH,snnp,sidama,2016-10-03,2016-11-20,2016,10,3,N.Eastern-Africa,NEAF,38.5471439294946,6.65917680402014
16662,ETH,snnp,sidama,2019-08-19,2019-10-20,2019,8,19,N.Eastern-Africa,NEAF,38.5471439294946,6.65917680402014
16615,ETH,snnp,southomo,2019-12-23,2020-01-26,2019,12,23,N.Eastern-Africa,NEAF,36.379418752304304,5.38171429882426
16625,ETH,somali,afder,2016-05-09,2016-07-03,2016,5,9,N.Eastern-Africa,NEAF,42.2914750437159,5.31936800725345
16679,ETH,somali,dawa,2016-02-15,2016-06-12,2016,2,15,N.Eastern-Africa,NEAF,39.9787911041068,4.21368200954197
16646,ETH,somali,erer,2017-09-11,2017-11-12,2017,9,11,N.Eastern-Africa,NEAF,42.2877210929162,7.90844594401443
16613,ETH,somali,fafan,2016-09-26,2016-12-04,2016,9,26,N.Eastern-Africa,NEAF,43.2367700398431,9.15145802485862
16613,ETH,somali,fafan,2017-04-03,2017-11-05,2017,4,3,N.Eastern-Africa,NEAF,43.2367700398431,9.15145802485862
16620,ETH,somali,jarar,2016-11-07,2017-04-23,2016,11,7,N.Eastern-Africa,NEAF,44.3091731465076,8.131518197557
16616,ETH,somali,korahe,2016-11-14,2017-04-16,2016,11,14,N.Eastern-Africa,NEAF,44.6404217609987,6.44855560843488
16643,ETH,somali,nogob,2017-03-06,2017-04-23,2017,3,6,N.Eastern-Africa,NEAF,42.986184872695,7.11716892979546
16624,ETH,somali,shebelle,2016-10-10,2016-11-27,2016,10,10,N.Eastern-Africa,NEAF,43.6535951438375,5.794135504584
16624,ETH,somali,shebelle,2019-12-30,2020-01-26,2019,12,30,N.Eastern-Africa,NEAF,43.6535951438375,5.794135504584
16644,ETH,somali,sitti,2016-07-25,2016-10-16,2016,7,25,N.Eastern-Africa,NEAF,41.8335948646105,10.2500807832197
16644,ETH,somali,sitti,2019-09-23,2019-10-27,2019,9,23,N.Eastern-Africa,NEAF,41.8335948646105,10.2500807832197
16637,ETH,tigray,centraltigray,2016-08-15,2016-11-13,2016,8,15,N.Eastern-Africa,NEAF,38.893146853114,13.9736104716332
16637,ETH,tigray,centraltigray,2017-07-24,2017-10-15,2017,7,24,N.Eastern-Africa,NEAF,38.893146853114,13.9736104716332
16636,ETH,tigray,northwesterntigray,2016-08-01,2016-11-13,2016,8,1,N.Eastern-Africa,NEAF,38.0516859049897,14.1006719059137
16639,ETH,tigray,southeasttigray,2016-07-25,2016-12-04,2016,7,25,N.Eastern-Africa,NEAF,39.3997149926213,13.3099092183879
16639,ETH,tigray,southeasttigray,2017-07-10,2017-10-15,2017,7,10,N.Eastern-Africa,NEAF,39.3997149926213,13.3099092183879
16638,ETH,tigray,westerntigray,2017-07-24,2017-10-15,2017,7,24,N.Eastern-Africa,NEAF,37.0995323923514,13.8285746441787
16638,ETH,tigray,westerntigray,2018-07-30,2018-09-16,2018,7,30,N.Eastern-Africa,NEAF,37.0995323923514,13.8285746441787
8207,GHA,greateraccra,gawest,2012-05-14,2012-07-01,2012,5,14,Western-Africa,WAF,-0.385262698562258,5.68901357286173
92,GIN,boke,boke,2012-07-29,2012-10-13,2012,7,29,Western-Africa,WAF,-14.3570787251953,11.0874575757435
1842,GIN,kankan,kerouane,2012-09-30,2012-11-10,2012,9,30,Western-Africa,WAF,-9.10114449396865,9.26284447178801
9661,GIN,kindia,coyah,2012-07-29,2012-10-20,2012,7,29,Western-Africa,WAF,-13.3372824787143,9.74251036871199
6401,GIN,kindia,dubreka,2012-07-29,2012-11-10,2012,7,29,Western-Africa,WAF,-13.497014870351,10.1378803627717
6401,GIN,kindia,dubreka,2013-09-24,2013-10-28,2013,9,24,Western-Africa,WAF,-13.497014870351,10.1378803627717
8536,GIN,kindia,forecariah,2012-04-09,2012-07-08,2012,4,9,Western-Africa,WAF,-13.0550183072314,9.42043030494808
10686,GIN,kindia,kindia,2012-07-22,2012-10-20,2012,7,22,Western-Africa,WAF,-12.7480283896385,10.0972167248341
4463,GNB,cacheu,bula,2012-11-05,2012-12-09,2012,11,5,Western-Africa,WAF,-15.7883483487098,12.1290540903075
11785,KEN,central,kirinyaga,2015-05-11,2015-08-16,2015,5,11,S.Eastern-Africa,SEAF,37.3197884809602,-0.520208275243971
11785,KEN,central,kirinyaga,2017-10-23,2017-12-31,2017,10,23,S.Eastern-Africa,SEAF,37.3197884809602,-0.520208275243971
11655,KEN,central,muranga,2015-04-20,2015-08-09,2015,4,20,S.Eastern-Africa,SEAF,37.0320980134319,-0.803256781955516
11484,KEN,coast,kilifi,2015-06-29,2015-09-06,2015,6,29,S.Eastern-Africa,SEAF,36.9557397987142,-0.336506424430143
11511,KEN,eastern,machakos,2017-09-11,2017-10-15,2017,9,11,S.Eastern-Africa,SEAF,37.4121016827617,-1.27763694085183
11521,KEN,eastern,marsabit,2016-02-08,2016-05-08,2016,2,8,S.Eastern-Africa,SEAF,37.5689961587218,2.97835838957166
11718,KEN,eastern,meru,2016-03-07,2016-04-24,2016,3,7,S.Eastern-Africa,SEAF,37.7636247252253,0.169667135868057
11720,KEN,eastern,tharakanithi,2016-02-15,2016-04-24,2016,2,15,S.Eastern-Africa,SEAF,37.8717982359772,-0.20405954280967
11531,KEN,northeastern,garissa,2012-09-10,2012-11-11,2012,9,10,S.Eastern-Africa,SEAF,39.9809339816507,-0.170466580197186
11532,KEN,northeastern,garissa,2017-05-22,2017-07-23,2017,5,22,S.Eastern-Africa,SEAF,40.2047004924783,-0.489487001538586
11536,KEN,northeastern,mandera,2016-04-11,2016-07-24,2016,4,11,S.Eastern-Africa,SEAF,40.735460829705,3.43900165908019
11565,KEN,nyanza,kisumu,2015-07-06,2015-11-01,2015,7,6,S.Eastern-Africa,SEAF,34.8344002008609,-0.163032851457132
11626,KEN,riftvalley,transnzoia,2015-06-08,2015-07-26,2015,6,8,S.Eastern-Africa,SEAF,34.9580663995261,1.0559913387385
2832,MLI,mopti,djenne,2011-07-18,2011-09-04,2011,7,18,Western-Africa,WAF,-4.5696450543485,13.9679354671342
10860,MLI,tombouctou,dire,2011-07-11,2011-09-04,2011,7,11,Sahara,SAH,-3.32509210778148,16.2541822050996
5853,MLI,tombouctou,goundam,2011-07-18,2011-09-04,2011,7,18,Sahara,SAH,-4.99129257492279,18.6066096414781
12765,MWI,central,dedza,2018-02-04,2018-03-31,2018,2,4,E.Southern-Africa,ESAF,34.2282825424715,-14.2655855322377
12753,MWI,central,lilongwe,2017-12-24,2018-05-12,2017,12,24,E.Southern-Africa,ESAF,33.4975614747962,-14.039155522
12766,MWI,central,salima,2018-01-21,2018-04-14,2018,1,21,E.Southern-Africa,ESAF,34.3834239101243,-13.7358001385969
12769,MWI,northern,karonga,2016-04-03,2016-07-23,2016,4,3,S.Eastern-Africa,SEAF,33.8823939404924,-10.0835558858042
12769,MWI,northern,karonga,2017-11-26,2018-03-31,2017,11,26,S.Eastern-Africa,SEAF,33.8823939404924,-10.0835558858042
12752,MWI,southern,blantyre,2015-03-29,2015-05-02,2015,3,29,E.Southern-Africa,ESAF,34.9321529464548,-15.6535210703746
12757,MWI,southern,machinga,2012-07-22,2012-09-15,2012,7,22,E.Southern-Africa,ESAF,35.5662392090985,-14.9395086445572
12757,MWI,southern,machinga,2016-02-07,2016-07-09,2016,2,7,E.Southern-Africa,ESAF,35.5662392090985,-14.9395086445572
12774,MWI,southern,mangochi,2016-03-13,2016-05-21,2016,3,13,E.Southern-Africa,ESAF,35.3273718035352,-14.1380217689999
12768,MWI,southern,nsanje,2017-02-27,2017-04-02,2017,2,27,E.Southern-Africa,ESAF,35.1431038524404,-16.7445543259389
12746,MWI,southern,phalombe,2012-07-29,2012-09-01,2012,7,29,E.Southern-Africa,ESAF,35.6909619530731,-15.6694954385831
12745,MWI,southern,zomba,2012-08-05,2012-09-08,2012,8,5,E.Southern-Africa,ESAF,35.4318492589871,-15.3979197303025
12745,MWI,southern,zomba,2016-01-03,2016-03-12,2016,1,3,E.Southern-Africa,ESAF,35.4318492589871,-15.3979197303025
9969,NAM,nakh,windhoek,2014-02-03,2014-04-27,2014,2,3,W.Southern-Africa,WSAF,16.9992744297998,-22.6141338797788
15506,NER,diffa,n'guigmi,2010-06-28,2010-10-24,2010,6,28,Western-Africa,WAF,13.4421125848911,16.2478860048967
15366,NER,maradi,dakoro,2014-08-25,2014-09-28,2014,8,25,Western-Africa,WAF,7.00912140511011,14.3678705075213
15337,NER,maradi,guidanroumdji,2018-08-13,2018-10-07,2018,8,13,Western-Africa,WAF,6.8476342145789,13.6421200744937
15345,NER,maradi,madarounfa,2010-08-30,2010-11-14,2010,8,30,Western-Africa,WAF,7.15955983094928,13.2694331961879
15345,NER,maradi,madarounfa,2011-08-22,2011-10-09,2011,8,22,Western-Africa,WAF,7.15955983094928,13.2694331961879
15345,NER,maradi,madarounfa,2018-07-02,2018-10-14,2018,7,2,Western-Africa,WAF,7.15955983094928,13.2694331961879
15335,NER,tahoua,keita,2014-05-19,2014-06-22,2014,5,19,Western-Africa,WAF,5.84770047044176,14.7652344962203
15335,NER,tahoua,keita,2014-09-22,2014-11-09,2014,9,22,Western-Africa,WAF,5.84770047044176,14.7652344962203
15331,NER,tahoua,madaoua,2014-09-01,2014-11-02,2014,9,1,Western-Africa,WAF,6.10821346852142,14.0054574263924
15175,NER,tahoua,malbaza,2018-08-27,2018-10-21,2018,8,27,Western-Africa,WAF,5.55938376381737,14.0408585965798
15511,NER,tahoua,tahoua,2014-08-25,2014-11-02,2014,8,25,Western-Africa,WAF,4.89833696953723,14.9469161369024
15426,NER,tillabã©ri,kollo,2011-08-08,2011-11-27,2011,8,8,Western-Africa,WAF,2.2757311569591,13.4489425024923
15426,NER,tillabã©ri,kollo,2012-02-06,2012-06-17,2012,2,6,Western-Africa,WAF,2.2757311569591,13.4489425024923
15179,NER,tillabã©ri,ouallam,2012-08-27,2012-10-14,2012,8,27,Western-Africa,WAF,2.12607929522042,14.5038629057035
15347,NER,tillabã©ri,say,2011-06-06,2011-07-24,2011,6,6,Western-Africa,WAF,2.25431707737354,12.6623488005043
15347,NER,tillabã©ri,say,2012-03-26,2012-05-06,2012,3,26,Western-Africa,WAF,2.25431707737354,12.6623488005043
15349,NER,tillabã©ri,tã©ra,2011-10-03,2011-11-27,2011,10,3,Western-Africa,WAF,0.697964205176239,14.3225203352907
15349,NER,tillabã©ri,tã©ra,2012-06-11,2012-12-09,2012,6,11,Western-Africa,WAF,0.697964205176239,14.3225203352907
15154,NER,tillabã©ri,tillabã©ri,2012-05-07,2012-10-07,2012,5,7,Western-Africa,WAF,1.46343668258278,14.3625920212855
15413,NER,zinder,goure,2010-08-16,2010-10-17,2010,8,16,Western-Africa,WAF,10.4161577083729,13.8238281185928
15543,NER,zinder,magaria,2014-08-18,2014-09-28,2014,8,18,Western-Africa,WAF,8.96496347560748,13.1572758387073
15334,NER,zinder,mirriah,2010-09-13,2010-11-14,2010,9,13,Western-Africa,WAF,9.29011747916541,13.6289062500001
7188,NGA,adamawa,ganye,2010-07-26,2010-10-03,2010,7,26,Western-Africa,WAF,11.9941702479383,8.41488001737589
12851,NGA,adamawa,gombi,2014-06-02,2014-07-06,2014,6,2,Western-Africa,WAF,12.4933261835871,10.1857403121549
12229,NGA,adamawa,guyuk,2010-06-14,2010-10-03,2010,6,14,Western-Africa,WAF,11.998359120603,9.82368634446013
12242,NGA,adamawa,michika,2014-07-28,2014-08-31,2014,7,28,Central-Africa,CAF,13.4610179754323,10.6070919954136
12235,NGA,adamawa,mubinorth,2011-05-16,2011-07-03,2011,5,16,Central-Africa,CAF,13.3743299864689,10.3268731897268
12235,NGA,adamawa,mubinorth,2018-05-14,2018-11-25,2018,5,14,Central-Africa,CAF,13.3743299864689,10.3268731897268
12236,NGA,adamawa,mubisouth,2011-04-25,2011-07-10,2011,4,25,Central-Africa,CAF,13.3983197868996,10.1873854262726
12230,NGA,adamawa,song,2010-01-11,2010-02-28,2010,1,11,Western-Africa,WAF,12.7032348218251,9.73492003377021
12297,NGA,bauchi,alkaleri,2010-08-09,2010-11-21,2010,8,9,Western-Africa,WAF,10.5314556132029,10.0174738180725
12297,NGA,bauchi,alkaleri,2014-06-30,2014-09-07,2014,6,30,Western-Africa,WAF,10.5314556132029,10.0174738180725
12293,NGA,bauchi,bauchi,2010-07-05,2010-12-12,2010,7,5,Western-Africa,WAF,9.94753975761558,10.2157209825879
12293,NGA,bauchi,bauchi,2014-02-03,2014-06-22,2014,2,3,Western-Africa,WAF,9.94753975761558,10.2157209825879
12293,NGA,bauchi,bauchi,2018-03-26,2018-07-29,2018,3,26,Western-Africa,WAF,9.94753975761558,10.2157209825879
12284,NGA,bauchi,darazo,2010-08-30,2010-11-14,2010,8,30,Western-Africa,WAF,10.6248082582315,11.1360894379817
12281,NGA,bauchi,dass,2014-02-10,2014-07-06,2014,2,10,Western-Africa,WAF,9.47704999907842,9.99732744871733
12286,NGA,bauchi,ganjuwa,2010-07-05,2010-11-14,2010,7,5,Western-Africa,WAF,10.0239897281293,10.7327351085066
12285,NGA,bauchi,itasgadau,2010-09-06,2010-11-14,2010,9,6,Western-Africa,WAF,10.0531616407115,11.8479977257011
12283,NGA,bauchi,jama'are,2010-08-30,2010-11-14,2010,8,30,Western-Africa,WAF,9.93272990254939,11.6747678837126
12283,NGA,bauchi,jama'are,2014-09-08,2014-12-07,2014,9,8,Western-Africa,WAF,9.93272990254939,11.6747678837126
12289,NGA,bauchi,kirfi,2010-07-26,2010-10-31,2010,7,26,Western-Africa,WAF,10.5701699788142,10.4061839611276
12298,NGA,bauchi,misau,2010-08-16,2010-12-12,2010,8,16,Western-Africa,WAF,10.6467555952246,11.4623595052518
12299,NGA,bauchi,ningi,2010-08-09,2010-12-12,2010,8,9,Western-Africa,WAF,9.26906051881258,11.0360470872633
12299,NGA,bauchi,ningi,2014-10-06,2014-11-23,2014,10,6,Western-Africa,WAF,9.26906051881258,11.0360470872633
15197,NGA,bauchi,shira,2010-08-23,2010-11-21,2010,8,23,Western-Africa,WAF,10.0167018339746,11.4681143525788
15197,NGA,bauchi,shira,2015-09-21,2015-11-01,2015,9,21,Western-Africa,WAF,10.0167018339746,11.4681143525788
12294,NGA,bauchi,tafawabalewa,2010-08-02,2010-11-21,2010,8,2,Western-Africa,WAF,9.55224778153833,9.7778616340596
12294,NGA,bauchi,tafawabalewa,2014-03-10,2014-09-28,2014,3,10,Western-Africa,WAF,9.55224778153833,9.7778616340596
12287,NGA,bauchi,toro,2010-08-09,2010-11-07,2010,8,9,Western-Africa,WAF,9.21183713745855,10.3984105234538
12287,NGA,bauchi,toro,2014-04-07,2014-07-27,2014,4,7,Western-Africa,WAF,9.21183713745855,10.3984105234538
12307,NGA,benue,makurdi,2014-01-06,2014-03-30,2014,1,6,Western-Africa,WAF,8.53587471283348,7.70419912727862
12317,NGA,borno,bayo,2010-08-02,2010-10-31,2010,8,2,Western-Africa,WAF,11.7899509416338,10.420576111799
12314,NGA,borno,biu,2014-06-16,2014-11-16,2014,6,16,Western-Africa,WAF,12.0736104668936,10.6644199998082
12323,NGA,borno,damboa,2015-11-16,2016-02-28,2015,11,16,Western-Africa,WAF,12.8446721102056,11.073943249891
12334,NGA,borno,jere,2017-08-14,2017-11-26,2017,8,14,Western-Africa,WAF,13.250516938877,11.9022917148333
15223,NGA,borno,kukawa,2010-02-08,2010-04-04,2010,2,8,Western-Africa,WAF,13.5955334838939,12.981302822322
12325,NGA,borno,kwayakusar,2014-07-21,2014-11-16,2014,7,21,Western-Africa,WAF,11.9807835021998,10.4407415764783
12324,NGA,borno,ngala,2010-09-06,2010-10-10,2010,9,6,Central-Africa,CAF,14.3946962296837,12.1219789741114
12426,NGA,gombe,akko,2010-08-09,2010-09-12,2010,8,9,Western-Africa,WAF,11.069317572895,10.1482569397579
12902,NGA,gombe,kaltungo,2010-06-14,2010-11-14,2010,6,14,Western-Africa,WAF,11.4199878417001,9.85171850012278
12425,NGA,gombe,yamaltu/deba,2010-07-05,2010-12-05,2010,7,5,Western-Africa,WAF,11.539898987007,10.3017803656252
12425,NGA,gombe,yamaltu/deba,2011-07-18,2011-12-18,2011,7,18,Western-Africa,WAF,11.539898987007,10.3017803656252
12084,NGA,jigawa,birninkudu,2011-07-25,2011-11-06,2011,7,25,Western-Africa,WAF,9.53692933335204,11.476095
15196,NGA,kaduna,chikun,2011-02-28,2011-09-18,2011,2,28,Western-Africa,WAF,7.24092051841197,10.3669449023015
12099,NGA,kaduna,igabi,2011-02-28,2012-01-08,2011,2,28,Western-Africa,WAF,7.5470711691673,10.7168892661619
12099,NGA,kaduna,igabi,2014-09-01,2014-10-12,2014,9,1,Western-Africa,WAF,7.5470711691673,10.7168892661619
15200,NGA,kaduna,makarfi,2014-04-21,2014-06-29,2014,4,21,Western-Africa,WAF,7.97148171299653,11.3004071949388
15200,NGA,kaduna,makarfi,2014-10-06,2014-12-28,2014,10,6,Western-Africa,WAF,7.97148171299653,11.3004071949388
12092,NGA,kaduna,soba,2014-03-03,2014-08-31,2014,3,3,Western-Africa,WAF,7.98574150600083,10.9398220093949
12122,NGA,kano,bichi,2013-11-11,2014-01-05,2013,11,11,Western-Africa,WAF,8.24562577604611,12.2428303966794
12122,NGA,kano,bichi,2017-07-10,2017-08-13,2017,7,10,Western-Africa,WAF,8.24562577604611,12.2428303966794
12912,NGA,kano,dawakinkudu,2013-11-25,2014-10-26,2013,11,25,Western-Africa,WAF,8.67119076475506,11.8035891473511
12466,NGA,kano,doguwa,2014-08-04,2014-10-12,2014,8,4,Western-Africa,WAF,8.64602207036103,10.8341874485954
12910,NGA,kano,gaya,2013-11-25,2013-12-29,2013,11,25,Western-Africa,WAF,9.05529963640279,11.7904514305345
12105,NGA,kano,gezawa,2013-11-25,2014-03-02,2013,11,25,Western-Africa,WAF,8.70394419177526,12.0336370612217
12464,NGA,kano,kiru,2014-07-07,2014-08-31,2014,7,7,Western-Africa,WAF,8.12662018044762,11.5885228177568
12458,NGA,kano,kunchi,2010-08-30,2010-10-03,2010,8,30,Western-Africa,WAF,8.25334056840937,12.4076912328174
12458,NGA,kano,kunchi,2014-07-28,2014-09-14,2014,7,28,Western-Africa,WAF,8.25334056840937,12.4076912328174
12459,NGA,kano,madobi,2014-08-25,2014-09-28,2014,8,25,Western-Africa,WAF,8.35477430284301,11.8099937148382
15218,NGA,kano,rano,2014-07-21,2014-09-07,2014,7,21,Western-Africa,WAF,8.52510087649216,11.4757554712184
15218,NGA,kano,rano,2015-07-20,2015-08-30,2015,7,20,Western-Africa,WAF,8.52510087649216,11.4757554712184
12467,NGA,kano,rogo,2014-05-19,2014-10-19,2014,5,19,Western-Africa,WAF,7.84791912235245,11.5051016725165
12462,NGA,kano,tofa,2015-06-15,2015-08-16,2015,6,15,Western-Africa,WAF,8.31067487949911,11.9957257204209
12463,NGA,kano,tudunwada,2014-07-07,2014-09-07,2014,7,7,Western-Africa,WAF,8.60688446780552,11.0174531290026
12112,NGA,kano,wudil,2013-11-11,2014-10-05,2013,11,11,Western-Africa,WAF,8.82138122070502,11.6313030061485
12130,NGA,katsina,bindawa,2010-09-06,2010-11-07,2010,9,6,Western-Africa,WAF,7.85298849029535,12.7089660131722
12125,NGA,katsina,ingawa,2010-08-30,2010-11-07,2010,8,30,Western-Africa,WAF,8.06853109161328,12.6070827997862
12124,NGA,katsina,kaita,2010-08-30,2010-10-03,2010,8,30,Western-Africa,WAF,7.72322584398627,13.1624385849243
12915,NGA,katsina,musawa,2010-08-30,2010-10-31,2010,8,30,Western-Africa,WAF,7.7027898183493,12.0948030224042
12501,NGA,katsina,rimi,2010-08-30,2010-11-21,2010,8,30,Western-Africa,WAF,7.71822089871098,12.8488616347477
15232,NGA,katsina,zango,2010-09-06,2010-11-14,2010,9,6,Western-Africa,WAF,8.53092766584541,12.9393704986376
12512,NGA,kebbi,shanga,2011-08-29,2011-10-02,2011,8,29,Western-Africa,WAF,4.72668652361243,11.208416778681
12512,NGA,kebbi,shanga,2017-08-14,2017-11-05,2017,8,14,Western-Africa,WAF,4.72668652361243,11.208416778681
12140,NGA,kwara,asa,2017-05-22,2017-07-09,2017,5,22,Western-Africa,WAF,4.44609316176531,8.41744025871701
12532,NGA,kwara,ilorineast,2017-05-08,2017-08-13,2017,5,8,Western-Africa,WAF,4.78435692132032,8.58261686708025
12142,NGA,kwara,moro,2017-05-15,2017-07-09,2017,5,15,Western-Africa,WAF,4.57680644344897,8.82846011362523
15231,NGA,nasarawa,keffi,2015-08-03,2015-09-13,2015,8,3,Western-Africa,WAF,7.82371529962294,8.8295354668297
12563,NGA,nasarawa,obi,2015-07-27,2015-09-13,2015,7,27,Western-Africa,WAF,8.72768795418791,8.34737598272266
12562,NGA,nasarawa,toto,2017-11-27,2018-01-14,2017,11,27,Western-Africa,WAF,7.20232063689884,8.23849554274935
12155,NGA,niger,agaie,2011-08-15,2011-09-25,2011,8,15,Western-Africa,WAF,6.4081754609619,8.93056280496383
15183,NGA,niger,kontagora,2011-07-04,2011-10-23,2011,7,4,Western-Africa,WAF,5.47514028543615,10.4247197327025
12154,NGA,niger,magama,2011-08-08,2011-10-23,2011,8,8,Western-Africa,WAF,4.98006011125617,10.3708017198051
12570,NGA,niger,mashegu,2011-07-18,2011-09-25,2011,7,18,Western-Africa,WAF,5.2334737792152,9.86264037523464
15226,NGA,oyo,irepo,2011-06-27,2011-11-13,2011,6,27,Western-Africa,WAF,3.92322429219535,9.01568858182149
12692,NGA,sokoto,goronyo,2011-08-15,2011-11-06,2011,8,15,Western-Africa,WAF,5.80778221782107,13.3720006397628
12690,NGA,sokoto,gwadabawa,2011-08-08,2011-11-06,2011,8,8,Western-Africa,WAF,5.37598903059124,13.4267696923064
12707,NGA,sokoto,rabah,2011-08-08,2011-09-11,2011,8,8,Western-Africa,WAF,5.77374269102039,12.9777293619732
12711,NGA,taraba,jalingo,2010-05-10,2010-08-22,2010,5,10,Western-Africa,WAF,11.4013791513343,8.91373049820629
12928,NGA,taraba,takum,2011-06-06,2011-07-31,2011,6,6,Western-Africa,WAF,9.88742263380263,7.13928451121696
15195,NGA,yobe,gujba,2011-07-11,2011-10-23,2011,7,11,Western-Africa,WAF,11.9613770806306,11.370539610785
12720,NGA,yobe,gulani,2011-08-08,2011-10-30,2011,8,8,Western-Africa,WAF,11.7474310780834,10.9469159687704
12726,NGA,yobe,potiskum,2011-09-12,2011-11-06,2011,9,12,Western-Africa,WAF,11.195557422728,11.6998173984084
12727,NGA,zamfara,bakura,2013-08-26,2013-11-17,2013,8,26,Western-Africa,WAF,5.83602885704979,12.5298143775882
12728,NGA,zamfara,birninmagaji/kiyaw,2014-06-23,2014-07-27,2014,6,23,Western-Africa,WAF,6.89300605646147,12.4825398028262
12738,NGA,zamfara,gusau,2013-08-26,2013-11-17,2013,8,26,Western-Africa,WAF,6.59188889727588,11.853185
12738,NGA,zamfara,gusau,2014-06-16,2014-07-27,2014,6,16,Western-Africa,WAF,6.59188889727588,11.853185
12738,NGA,zamfara,gusau,2018-07-23,2018-11-04,2018,7,23,Western-Africa,WAF,6.59188889727588,11.853185
12737,NGA,zamfara,maradun,2013-08-26,2013-10-27,2013,8,26,Western-Africa,WAF,6.27463007348184,12.7516784911193
12732,NGA,zamfara,maru,2010-09-27,2010-10-31,2010,9,27,Western-Africa,WAF,6.3420032604224,11.4860789828136
12731,NGA,zamfara,shinkafi,2010-08-23,2010-10-31,2010,8,23,Western-Africa,WAF,6.47230284529518,13.0138340248973
12734,NGA,zamfara,tsafe,2010-09-27,2010-10-31,2010,9,27,Western-Africa,WAF,6.92634130915867,11.9308282380291
6340,SLE,eastern,kenema,2012-12-31,2013-02-24,2012,12,31,Western-Africa,WAF,-11.2014044582288,7.9244601599831
2428,SLE,northern,bombali,2012-07-23,2012-09-23,2012,7,23,Western-Africa,WAF,-12.1657337108698,9.31141142223668
5537,SLE,northern,kambia,2012-01-09,2012-09-23,2012,1,9,Western-Africa,WAF,-12.8070380569956,9.18220805347802
3223,SLE,northern,koinadugu,2012-08-27,2012-09-23,2012,8,27,Western-Africa,WAF,-11.3449375682571,9.45221675214019
15058,SLE,northern,portloko,2012-07-09,2012-09-16,2012,7,9,Western-Africa,WAF,-12.7411078986677,8.72628399195726
3559,SLE,northern,tonkolili,2012-07-30,2012-09-23,2012,7,30,Western-Africa,WAF,-11.8753199004416,8.66176165608295
10067,SLE,southern,bo,2012-07-16,2012-09-23,2012,7,16,Western-Africa,WAF,-11.7142933842369,7.95329365927285
3331,SLE,southern,bonthe,2012-08-13,2012-09-23,2012,8,13,Western-Africa,WAF,-12.2756389055781,7.50091782406548
1919,SLE,southern,moyamba,2012-07-23,2012-09-23,2012,7,23,Western-Africa,WAF,-12.4265153028224,8.05930877458148
11099,SLE,southern,pujehun,2012-07-23,2012-09-23,2012,7,23,Western-Africa,WAF,-11.5671470534816,7.29497681047195
15089,SLE,westernarea,westernarearural,2012-07-16,2012-11-04,2012,7,16,Western-Africa,WAF,-13.0990202190423,8.32368247993968
10064,SSD,centralequatoria,juba,2014-05-12,2014-08-10,2014,5,12,N.Eastern-Africa,NEAF,31.4834186471786,4.71708072492134
10064,SSD,centralequatoria,juba,2015-06-08,2015-09-13,2015,6,8,N.Eastern-Africa,NEAF,31.4834186471786,4.71708072492134
10064,SSD,centralequatoria,juba,2016-07-11,2016-10-09,2016,7,11,N.Eastern-Africa,NEAF,31.4834186471786,4.71708072492134
1162,SSD,centralequatoria,kajokeji,2014-05-26,2014-09-07,2014,5,26,N.Eastern-Africa,NEAF,31.4608482959384,3.89547192100384
1162,SSD,centralequatoria,kajokeji,2015-06-15,2015-07-05,2015,6,15,N.Eastern-Africa,NEAF,31.4608482959384,3.89547192100384
10529,SSD,easternequatoria,budi,2017-07-24,2017-11-12,2017,7,24,N.Eastern-Africa,NEAF,33.4463357166335,4.36034916309691
3704,SSD,easternequatoria,ikotos,2014-08-11,2014-10-26,2014,8,11,N.Eastern-Africa,NEAF,33.1313511786446,4.02881350642916
7511,SSD,easternequatoria,kapoetaeast,2017-05-22,2017-08-13,2017,5,22,N.Eastern-Africa,NEAF,34.6546592012173,5.13797374128256
2425,SSD,easternequatoria,kapoetanorth,2017-05-29,2017-08-06,2017,5,29,N.Eastern-Africa,NEAF,33.461914099861,5.30658218185102
11259,SSD,easternequatoria,kapoetasouth,2017-05-22,2017-08-20,2017,5,22,N.Eastern-Africa,NEAF,33.6802582316452,4.56341280236136
3800,SSD,jonglei,borsouth,2016-09-05,2016-10-16,2016,9,5,N.Eastern-Africa,NEAF,32.0048593064055,6.46564429432693
3800,SSD,jonglei,borsouth,2017-01-30,2017-03-26,2017,1,30,N.Eastern-Africa,NEAF,32.0048593064055,6.46564429432693
8667,SSD,jonglei,fangak,2016-09-26,2016-12-18,2016,9,26,N.Eastern-Africa,NEAF,30.6880257819293,9.07197714875332
10519,SSD,jonglei,nyirol,2017-06-05,2017-09-03,2017,6,5,N.Eastern-Africa,NEAF,32.1197001670565,8.58306280825018
3170,SSD,lakes,awerial,2017-03-06,2017-06-04,2017,3,6,N.Eastern-Africa,NEAF,31.2294614867255,6.1501620622648
1343,SSD,lakes,yiroleast,2017-03-20,2017-07-16,2017,3,20,N.Eastern-Africa,NEAF,30.8024500909504,6.79319386510783
10288,SSD,unity,mayendit,2016-12-19,2017-03-12,2016,12,19,N.Eastern-Africa,NEAF,29.9196941898709,8.12251574276247
2797,SSD,unity,panyijiar,2016-12-12,2017-03-19,2016,12,12,N.Eastern-Africa,NEAF,30.3366215560169,7.52455177897217
5624,SSD,unity,rubkona,2016-11-07,2017-03-19,2016,11,7,N.Eastern-Africa,NEAF,29.6356611934627,9.26847563969445
2520,SSD,uppernile,fashoda,2017-05-01,2017-06-25,2017,5,1,N.Eastern-Africa,NEAF,31.844220077183,9.98029866071776
13220,TCD,charibaguirmi,mandeliahealthdistrict,2010-11-15,2011-01-30,2010,11,15,Central-Africa,CAF,15.3014881516696,11.6988618719555
13220,TCD,charibaguirmi,mandeliahealthdistrict,2011-05-30,2011-11-27,2011,5,30,Central-Africa,CAF,15.3014881516696,11.6988618719555
13227,TCD,guera,bitkinehealthdistrict,2011-09-12,2011-12-25,2011,9,12,Central-Africa,CAF,18.1111411644554,12.020914887235
13233,TCD,hadjerlamis,bokorohealthdistrict,2011-06-13,2011-07-24,2011,6,13,Central-Africa,CAF,16.6414323947094,12.5566305676965
13234,TCD,hadjerlamis,massaguethealthdistrict,2010-09-20,2010-12-12,2010,9,20,Central-Africa,CAF,15.61350611808,12.425970816661
13234,TCD,hadjerlamis,massaguethealthdistrict,2011-08-15,2011-11-27,2011,8,15,Central-Africa,CAF,15.61350611808,12.425970816661
13235,TCD,hadjerlamis,massakoryhealthdistrict,2010-10-11,2010-12-05,2010,10,11,Central-Africa,CAF,15.7833429946491,12.9374346449142
13235,TCD,hadjerlamis,massakoryhealthdistrict,2011-05-23,2011-11-20,2011,5,23,Central-Africa,CAF,15.7833429946491,12.9374346449142
13240,TCD,lac,bolhealthdistrict,2010-08-16,2010-11-28,2010,8,16,Central-Africa,CAF,14.6901567229132,13.2926942336898
13467,TCD,mayokebbiest,bongorhealthdistrict,2011-05-09,2011-11-06,2011,5,9,Central-Africa,CAF,15.8218066652194,10.1851415740259
13267,TCD,mayokebbiest,fiangahealthdistrict,2010-08-23,2010-12-19,2010,8,23,Central-Africa,CAF,15.3513139383547,9.81755673964931
13268,TCD,mayokebbiest,gounougayahealthdistrict,2011-05-30,2011-12-11,2011,5,30,Central-Africa,CAF,15.51917746331,9.57162495093694
13269,TCD,mayokebbiest,guelendenghealthdistrict,2010-11-08,2010-12-26,2010,11,8,Central-Africa,CAF,15.3143079129847,10.9099468206153
13269,TCD,mayokebbiest,guelendenghealthdistrict,2011-08-29,2011-10-16,2011,8,29,Central-Africa,CAF,15.3143079129847,10.9099468206153
13273,TCD,mayokebbiouest,lerehealthdistrict,2010-12-06,2011-01-09,2010,12,6,Central-Africa,CAF,14.237396507372,9.71529261807129
13273,TCD,mayokebbiouest,lerehealthdistrict,2011-05-16,2011-10-23,2011,5,16,Central-Africa,CAF,14.237396507372,9.71529261807129
13274,TCD,mayokebbiouest,palahealthdistrict,2011-05-23,2011-11-27,2011,5,23,Central-Africa,CAF,14.8175273274632,9.0128173828125
13286,TCD,ouaddai,abechehealthdistrict,2011-08-01,2011-12-11,2011,8,1,Central-Africa,CAF,20.5800935087755,13.8307772394006
13292,TCD,salamat,amtimanhealthdistrict,2011-05-30,2011-10-02,2011,5,30,Central-Africa,CAF,20.3881009998185,10.7927188441898
13292,TCD,salamat,amtimanhealthdistrict,2017-09-25,2017-12-03,2017,9,25,Central-Africa,CAF,20.3881009998185,10.7927188441898
13293,TCD,salamat,harazemangueignehealthdistrict,2017-09-25,2017-12-17,2017,9,25,Central-Africa,CAF,21.1187505560713,10.424229061538
13469,TCD,tandjilã©,berehealthdistrict,2011-08-01,2011-11-06,2011,8,1,Central-Africa,CAF,16.1741696264037,9.27228685692998
13472,TCD,tandjilã©,laihealthdistrict,2011-05-23,2011-09-04,2011,5,23,Central-Africa,CAF,16.5504610929305,9.69971064841249
12933,TZA,arusha,arusharural,2015-11-29,2016-03-12,2015,11,29,S.Eastern-Africa,SEAF,36.6881704184262,-3.3479522418926
12937,TZA,arusha,meru,2015-12-27,2016-02-27,2015,12,27,S.Eastern-Africa,SEAF,36.9019088691398,-3.33742207767942
12942,TZA,arusha,ngorongoro,2018-06-03,2018-07-07,2018,6,3,S.Eastern-Africa,SEAF,35.4960006475919,-2.6750124040082
13404,TZA,dodoma,dodomaurban,2018-01-28,2018-03-24,2018,1,28,S.Eastern-Africa,SEAF,35.7920164377188,-6.10805544258087
13407,TZA,dodoma,kongwa,2016-11-20,2017-02-18,2016,11,20,S.Eastern-Africa,SEAF,36.5470369707034,-6.01700095167506
13408,TZA,dodoma,mpwapwa,2016-11-27,2017-01-07,2016,11,27,S.Eastern-Africa,SEAF,36.3340099319623,-6.76267103305505
13408,TZA,dodoma,mpwapwa,2018-01-21,2018-03-24,2018,1,21,S.Eastern-Africa,SEAF,36.3340099319623,-6.76267103305505
15150,TZA,geita,geita,2015-11-22,2016-02-27,2015,11,22,S.Eastern-Africa,SEAF,32.1749379165297,-2.86999572620773
13496,TZA,lindi,kilwa,2010-10-11,2010-12-12,2010,10,11,S.Eastern-Africa,SEAF,39.0135603980465,-9.11144051189496
13505,TZA,manyara,hanang,2010-02-01,2010-04-04,2010,2,1,S.Eastern-Africa,SEAF,35.300839706312,-4.5297969231112
13506,TZA,manyara,kiteto,2010-11-01,2010-12-05,2010,11,1,S.Eastern-Africa,SEAF,36.762397802347,-5.22874315408897
13508,TZA,manyara,simanjiro,2010-03-08,2010-04-18,2010,3,8,S.Eastern-Africa,SEAF,37.0918873204421,-4.318493549318
13508,TZA,manyara,simanjiro,2015-12-27,2016-02-27,2015,12,27,S.Eastern-Africa,SEAF,37.0918873204421,-4.318493549318
13514,TZA,mara,rorya,2016-08-21,2016-11-26,2016,8,21,S.Eastern-Africa,SEAF,34.0746498582128,-1.30943195878696
13522,TZA,mbeya,chunya,2010-10-11,2011-04-10,2010,10,11,S.Eastern-Africa,SEAF,33.138829813951,-7.73947642089146
14091,TZA,mbeya,mbarali,2017-07-30,2017-10-21,2017,7,30,S.Eastern-Africa,SEAF,34.2341897182029,-8.29340695424291
14154,TZA,morogoro,kilosa,2010-02-01,2010-04-11,2010,2,1,S.Eastern-Africa,SEAF,37.0015150740599,-6.8670436201866
14155,TZA,morogoro,kilosa,2016-06-19,2016-07-23,2016,6,19,S.Eastern-Africa,SEAF,37.0003627715485,-6.97723747931149
14155,TZA,morogoro,kilosa,2016-10-02,2017-01-28,2016,10,2,S.Eastern-Africa,SEAF,37.0003627715485,-6.97723747931149
14157,TZA,morogoro,morogororural,2016-02-28,2016-06-25,2016,2,28,S.Eastern-Africa,SEAF,37.8421756381883,-7.1962846935776
14179,TZA,mwanza,sengerema,2015-11-29,2016-01-02,2015,11,29,S.Eastern-Africa,SEAF,32.4488665695416,-2.2587110474233
14180,TZA,mwanza,ukerewe,2016-02-28,2016-04-23,2016,2,28,S.Eastern-Africa,SEAF,33.013614062509,-1.99560456870535
14182,TZA,pwani,kibaharural,2015-09-27,2015-12-19,2015,9,27,S.Eastern-Africa,SEAF,38.5523805277359,-6.8215562865971
15378,TZA,pwani,kisarawe,2015-10-18,2016-01-30,2015,10,18,S.Eastern-Africa,SEAF,38.6699956043802,-7.21228884833758
15121,TZA,songwe,songwe,2017-09-17,2018-03-10,2017,9,17,S.Eastern-Africa,SEAF,32.6842401478608,-7.76223844779927
14726,TZA,tanga,lushoto,2010-01-25,2010-03-14,2010,1,25,S.Eastern-Africa,SEAF,38.4413805238354,-4.55215079731843
15356,TZA,tanga,muheza,2012-04-22,2012-06-09,2012,4,22,S.Eastern-Africa,SEAF,38.7653499507384,-5.18345442965725
13352,SOM,gedo,beledhawo,2016-06-06,2016-08-07,2016,6,6,N.Eastern-Africa,NEAF,41.7356556664073,3.42280835592662
13325,SOM,hiiraan,beledweyn,2016-06-06,2016-09-25,2016,6,6,N.Eastern-Africa,NEAF,45.3824652331238,4.72201307669615
4754,BEN,atlantique,abomeycalavi,2013-09-30,2013-12-08,2013,9,30,Western-Africa,WAF,2.32695969911245,6.4932247882243
8540,BEN,atlantique,soava,2011-05-09,2011-06-19,2011,5,9,Western-Africa,WAF,2.32695969911245,6.4932247882243
8540,BEN,atlantique,soava,2013-08-26,2014-04-06,2013,8,26,Western-Africa,WAF,2.32695969911245,6.4932247882243
15289,CIV,abidjan,abidjanville,2014-11-10,2014-12-21,2014,11,10,Western-Africa,WAF,-4.01184383343826,5.3465984690624
13013,CMR,centre,biyemassihealthdistrict,2011-02-28,2011-12-04,2011,2,28,Central-Africa,CAF,11.4766479579459,3.83972700612187
13014,CMR,centre,citevertehealthdistrict,2011-03-07,2012-01-29,2011,3,7,Central-Africa,CAF,11.4899195915606,3.89588998078059
13015,CMR,centre,djoungolohealthdistrict,2011-02-28,2011-11-27,2011,2,28,Central-Africa,CAF,11.5351687013653,3.92023213398357
13017,CMR,centre,efoulanhealthdistrict,2011-03-07,2011-05-15,2011,3,7,Central-Africa,CAF,11.4731833216944,3.77467648517418
13017,CMR,centre,efoulanhealthdistrict,2011-09-26,2011-11-13,2011,9,26,Central-Africa,CAF,11.4731833216944,3.77467648517418
13033,CMR,centre,nkolndongohealthdistrict,2011-03-07,2011-12-11,2011,3,7,Central-Africa,CAF,11.532507634755,3.81966629546918
13088,CMR,littoral,bonassamahealthdistrict,2011-01-10,2011-05-22,2011,1,10,Western-Africa,WAF,9.66475869576141,4.09690254720007
13088,CMR,littoral,bonassamahealthdistrict,2011-08-01,2012-01-29,2011,8,1,Western-Africa,WAF,9.66475869576141,4.09690254720007
13089,CMR,littoral,citedespalmiershealthdistrict,2011-09-05,2012-02-19,2011,9,5,Western-Africa,WAF,9.79885835472234,4.06379810247424
13090,CMR,littoral,deidohealthdistrict,2011-01-17,2011-06-12,2011,1,17,Western-Africa,WAF,9.70462102114865,4.04632457862469
13090,CMR,littoral,deidohealthdistrict,2011-09-05,2012-01-22,2011,9,5,Western-Africa,WAF,9.70462102114865,4.04632457862469
13094,CMR,littoral,logbabahealthdistrict,2010-10-11,2010-12-05,2010,10,11,Western-Africa,WAF,9.7544379870536,4.02956832939419
13094,CMR,littoral,logbabahealthdistrict,2011-01-10,2011-05-22,2011,1,10,Western-Africa,WAF,9.7544379870536,4.02956832939419
13094,CMR,littoral,logbabahealthdistrict,2011-08-15,2012-02-12,2011,8,15,Western-Africa,WAF,9.7544379870536,4.02956832939419
13101,CMR,littoral,newbellhealthdistrict,2011-01-24,2011-12-25,2011,1,24,Western-Africa,WAF,9.70239375,4.00905
13106,CMR,littoral,nylonhealthdistrict,2010-10-04,2010-12-05,2010,10,4,Western-Africa,WAF,9.74807990488042,4.01724977882481
13106,CMR,littoral,nylonhealthdistrict,2011-08-08,2012-02-12,2011,8,8,Western-Africa,WAF,9.74807990488042,4.01724977882481
14374,COD,katanga,katubahealthdistrict,2013-02-18,2013-05-19,2013,2,18,E.Southern-Africa,ESAF,27.6559719717325,-11.9003669372522
14387,COD,katanga,likasihealthdistrict,2013-04-01,2013-06-23,2013,4,1,E.Southern-Africa,ESAF,26.7391287097685,-10.9756344204065
14390,COD,katanga,lubumbashihealthdistrict,2013-01-14,2013-07-07,2013,1,14,E.Southern-Africa,ESAF,27.5008761334542,-11.7012551059849
14398,COD,katanga,mobahealthdistrict,2010-03-15,2010-07-25,2010,3,15,E.Southern-Africa,ESAF,27.5164830797477,-11.6544729108284
14398,COD,katanga,mobahealthdistrict,2010-11-01,2011-05-15,2010,11,1,E.Southern-Africa,ESAF,27.5164830797477,-11.6544729108284
14398,COD,katanga,mobahealthdistrict,2011-10-10,2012-02-05,2011,10,10,E.Southern-Africa,ESAF,27.5164830797477,-11.6544729108284
14398,COD,katanga,mobahealthdistrict,2013-10-14,2014-01-19,2013,10,14,E.Southern-Africa,ESAF,27.5164830797477,-11.6544729108284
14399,COD,katanga,mufungasampwehealthdistrict,2010-01-11,2010-03-21,2010,1,11,E.Southern-Africa,ESAF,27.5164830797477,-11.6544729108284
14431,COD,kinshasa,barumbuhealthdistrict,2012-01-09,2012-07-08,2012,1,9,Central-Africa,CAF,15.3253607790895,-4.32026139852625
14432,COD,kinshasa,binzameteohealthdistrict,2012-05-28,2012-07-29,2012,5,28,Central-Africa,CAF,15.2497520944903,-4.38331547839192
14436,COD,kinshasa,gombehealthdistrict,2011-08-01,2011-09-25,2011,8,1,Central-Africa,CAF,15.2979941938539,-4.31091482580041
14436,COD,kinshasa,gombehealthdistrict,2018-09-03,2018-09-23,2018,9,3,Central-Africa,CAF,15.2979941938539,-4.31091482580041
14442,COD,kinshasa,kingabwahealthdistrict,2011-06-20,2012-07-08,2011,6,20,Central-Africa,CAF,15.3579065933235,-4.34605653697338
14442,COD,kinshasa,kingabwahealthdistrict,2012-12-24,2013-02-17,2012,12,24,Central-Africa,CAF,15.3579065933235,-4.34605653697338
14443,COD,kinshasa,kingasanihealthdistrict,2012-02-27,2012-09-02,2012,2,27,Central-Africa,CAF,15.4065937187937,-4.41326385729099
14451,COD,kinshasa,limetehealthdistrict,2011-11-28,2012-06-03,2011,11,28,Central-Africa,CAF,15.3363088421184,-4.35569003796429
14451,COD,kinshasa,limetehealthdistrict,2013-01-14,2013-03-17,2013,1,14,Central-Africa,CAF,15.3363088421184,-4.35569003796429
14458,COD,kinshasa,masinaiihealthdistrict,2012-01-09,2013-03-24,2012,1,9,Central-Africa,CAF,15.3888779688559,-4.36024110390958
14459,COD,kinshasa,matetehealthdistrict,2011-07-11,2012-09-16,2011,7,11,Central-Africa,CAF,15.3504412402003,-4.38951476686742
14464,COD,kinshasa,ngabahealthdistrict,2011-07-18,2011-08-21,2011,7,18,Central-Africa,CAF,15.3226210978552,-4.3801100145289
14467,COD,kinshasa,policehealthdistrict,2011-08-29,2012-07-29,2011,8,29,Central-Africa,CAF,15.3008646828401,-4.31563968909103
14473,COD,kongocentral,bomahealthdistrict,2012-06-18,2012-11-18,2012,6,18,Central-Africa,CAF,13.0534873856276,-5.81335723980718
14487,COD,kongocentral,matadihealthdistrict,2012-06-11,2012-09-02,2012,6,11,Central-Africa,CAF,13.4691663029911,-5.84592180393313
14578,COD,nordkivu,gomahealthdistrict,2010-01-18,2010-08-01,2010,1,18,S.Eastern-Africa,SEAF,29.1743897938351,-1.64899705956875
14578,COD,nordkivu,gomahealthdistrict,2019-06-24,2020-01-26,2019,6,24,S.Eastern-Africa,SEAF,29.1743897938351,-1.64899705956875
14578,COD,nordkivu,gomahealthdistrict,2012-01-23,2012-03-25,2012,1,23,S.Eastern-Africa,SEAF,29.1743897938351,-1.64899705956875
14578,COD,nordkivu,gomahealthdistrict,2012-07-23,2012-09-16,2012,7,23,S.Eastern-Africa,SEAF,29.1743897938351,-1.64899705956875
14578,COD,nordkivu,gomahealthdistrict,2012-11-19,2013-03-24,2012,11,19,S.Eastern-Africa,SEAF,29.1743897938351,-1.64899705956875
14578,COD,nordkivu,gomahealthdistrict,2013-09-02,2013-11-10,2013,9,2,S.Eastern-Africa,SEAF,29.1743897938351,-1.64899705956875
14578,COD,nordkivu,gomahealthdistrict,2015-08-03,2015-11-01,2015,8,3,S.Eastern-Africa,SEAF,29.1743897938351,-1.64899705956875
14578,COD,nordkivu,gomahealthdistrict,2016-02-01,2016-03-06,2016,2,1,S.Eastern-Africa,SEAF,29.1743897938351,-1.64899705956875
14578,COD,nordkivu,gomahealthdistrict,2017-06-26,2018-01-14,2017,6,26,S.Eastern-Africa,SEAF,29.1743897938351,-1.64899705956875
14581,COD,nordkivu,karisimbihealthdistrict,2010-02-08,2010-05-02,2010,2,8,S.Eastern-Africa,SEAF,29.182890543911,-1.6356875
14581,COD,nordkivu,karisimbihealthdistrict,2012-01-30,2012-03-18,2012,1,30,S.Eastern-Africa,SEAF,29.182890543911,-1.6356875
14581,COD,nordkivu,karisimbihealthdistrict,2012-10-15,2012-11-25,2012,10,15,S.Eastern-Africa,SEAF,29.182890543911,-1.6356875
14581,COD,nordkivu,karisimbihealthdistrict,2014-06-09,2014-08-03,2014,6,9,S.Eastern-Africa,SEAF,29.182890543911,-1.6356875
14581,COD,nordkivu,karisimbihealthdistrict,2017-07-03,2017-11-26,2017,7,3,S.Eastern-Africa,SEAF,29.182890543911,-1.6356875
14581,COD,nordkivu,karisimbihealthdistrict,2019-05-20,2020-01-26,2019,5,20,S.Eastern-Africa,SEAF,29.182890543911,-1.6356875
14613,COD,orientale,buniahealthdistrict,2012-01-23,2012-08-12,2012,1,23,S.Eastern-Africa,SEAF,30.2677434046495,1.59991828505905
14979,COD,sudkivu,bagirahealthdistrict,2010-01-04,2010-07-11,2010,1,4,S.Eastern-Africa,SEAF,28.8259504538169,-2.48867462900165
14979,COD,sudkivu,bagirahealthdistrict,2011-12-12,2012-04-15,2011,12,12,S.Eastern-Africa,SEAF,28.8259504538169,-2.48867462900165
14662,COD,sudkivu,ibandahealthdistrict,2011-12-12,2012-05-13,2011,12,12,S.Eastern-Africa,SEAF,28.867671617038,-2.51325170450348
14666,COD,sudkivu,kadutuhealthdistrict,2010-04-05,2010-07-11,2010,4,5,S.Eastern-Africa,SEAF,28.8481433917437,-2.50200837538553
14666,COD,sudkivu,kadutuhealthdistrict,2011-08-29,2012-03-04,2011,8,29,S.Eastern-Africa,SEAF,28.8481433917437,-2.50200837538553
14666,COD,sudkivu,kadutuhealthdistrict,2013-10-14,2014-02-23,2013,10,14,S.Eastern-Africa,SEAF,28.8481433917437,-2.50200837538553
14990,COD,tshopo,makisokisanganihealthdistrict,2016-08-01,2016-09-11,2016,8,1,Central-Africa,CAF,25.2297210467463,0.520134234967637
16621,ETH,tigray,mekele,2016-07-25,2017-01-15,2016,7,25,N.Eastern-Africa,NEAF,39.4888220366955,13.507442159513
16621,ETH,tigray,mekele,2017-07-10,2017-10-15,2017,7,10,N.Eastern-Africa,NEAF,39.4888220366955,13.507442159513
16621,ETH,tigray,mekele,2018-07-30,2018-09-16,2018,7,30,N.Eastern-Africa,NEAF,39.4888220366955,13.507442159513
6397,GHA,greateraccra,accrametropolitan,2012-09-03,2012-11-18,2012,9,3,Western-Africa,WAF,-0.207551603446772,5.58421818333923
6603,GHA,greateraccra,gaeast,2012-04-09,2012-06-03,2012,4,9,Western-Africa,WAF,-0.225925171419586,5.71994509656209
5805,GHA,greateraccra,gasouth,2012-09-10,2012-11-25,2012,9,10,Western-Africa,WAF,-0.354373564482091,5.55862500921709
7137,GHA,greateraccra,ledzokukukrowor,2012-03-26,2012-08-05,2012,3,26,Western-Africa,WAF,-0.112303839749199,5.59858559679285
5965,GIN,conakry,conakry,2012-07-08,2012-10-20,2012,7,8,Western-Africa,WAF,-13.5715370058126,9.62665636734596
11488,KEN,coast,mombasa,2015-04-27,2015-08-30,2015,4,27,S.Eastern-Africa,SEAF,39.6540169685999,-4.01633609133798
11488,KEN,coast,mombasa,2019-05-13,2019-06-16,2019,5,13,S.Eastern-Africa,SEAF,39.6540169685999,-4.01633609133798
15201,NER,maradi,maradi,2018-07-23,2018-11-04,2018,7,23,Western-Africa,WAF,7.1288472003144,13.4869397575065
15510,NER,niamey,niamey,2011-08-29,2011-12-04,2011,8,29,Western-Africa,WAF,2.10605042653939,13.5283403567765
12850,NGA,adamawa,yolanorth,2019-05-06,2019-12-01,2019,5,6,Western-Africa,WAF,12.4398816376395,9.25710842345825
12318,NGA,borno,maiduguri,2010-08-09,2010-10-17,2010,8,9,Western-Africa,WAF,13.1996151118386,11.8527520876178
12318,NGA,borno,maiduguri,2015-09-28,2015-11-01,2015,9,28,Western-Africa,WAF,13.1996151118386,11.8527520876178
6889,NGA,gombe,gombe,2010-07-05,2010-12-12,2010,7,5,Western-Africa,WAF,11.2401063356517,10.3125103853136
12100,NGA,kaduna,kadunanorth,2014-03-17,2014-06-15,2014,3,17,Western-Africa,WAF,7.45528946781186,10.5608326884198
12096,NGA,kaduna,kadunasouth,2011-02-14,2011-05-01,2011,2,14,Western-Africa,WAF,7.42260274269822,10.4737257774217
12096,NGA,kaduna,kadunasouth,2012-04-23,2012-07-22,2012,4,23,Western-Africa,WAF,7.42260274269822,10.4737257774217
12096,NGA,kaduna,kadunasouth,2013-11-11,2013-12-29,2013,11,11,Western-Africa,WAF,7.42260274269822,10.4737257774217
12096,NGA,kaduna,kadunasouth,2014-04-21,2014-06-29,2014,4,21,Western-Africa,WAF,7.42260274269822,10.4737257774217
12091,NGA,kaduna,sabongari,2011-03-07,2011-10-16,2011,3,7,Western-Africa,WAF,7.68810523090062,11.1595012386808
12093,NGA,kaduna,zaria,2011-02-21,2011-07-03,2011,2,21,Western-Africa,WAF,7.71427693034816,11.023143139173
12093,NGA,kaduna,zaria,2017-08-21,2017-10-15,2017,8,21,Western-Africa,WAF,7.71427693034816,11.023143139173
12913,NGA,kano,dala,2013-11-04,2014-03-02,2013,11,4,Western-Africa,WAF,8.49547614482257,12.0215486187618
12460,NGA,kano,fagge,2014-01-06,2014-03-23,2014,1,6,Western-Africa,WAF,8.52189142727894,12.0329670852989
12460,NGA,kano,fagge,2017-12-04,2018-01-14,2017,12,4,Western-Africa,WAF,8.52189142727894,12.0329670852989
12105,NGA,kano,gezawa,2014-07-14,2015-01-18,2014,7,14,Western-Africa,WAF,8.70394419177526,12.0336370612217
12120,NGA,kano,gwale,2014-01-13,2014-03-02,2014,1,13,Western-Africa,WAF,8.48598738499357,11.9840605425112
12120,NGA,kano,gwale,2017-11-27,2018-01-14,2017,11,27,Western-Africa,WAF,8.48598738499357,11.9840605425112
12107,NGA,kano,kanomunicipal,2013-11-18,2014-03-02,2013,11,18,Western-Africa,WAF,8.5142970832813,11.9766999541928
12107,NGA,kano,kanomunicipal,2017-12-04,2018-02-04,2017,12,4,Western-Africa,WAF,8.5142970832813,11.9766999541928
12109,NGA,kano,kumbotso,2013-11-18,2014-05-25,2013,11,18,Western-Africa,WAF,8.51730890148374,11.9192465285885
12109,NGA,kano,kumbotso,2017-12-04,2018-01-14,2017,12,4,Western-Africa,WAF,8.51730890148374,11.9192465285885
15189,NGA,kano,nassarawa,2013-11-11,2014-03-16,2013,11,11,Western-Africa,WAF,8.57826090433559,12.0044579727924
15189,NGA,kano,nassarawa,2014-07-14,2014-08-17,2014,7,14,Western-Africa,WAF,8.57826090433559,12.0044579727924
15189,NGA,kano,nassarawa,2017-12-11,2018-01-14,2017,12,11,Western-Africa,WAF,8.57826090433559,12.0044579727924
12113,NGA,kano,tarauni,2017-12-04,2018-01-14,2017,12,4,Western-Africa,WAF,8.55426775339328,11.9620220040972
12470,NGA,kano,ungogo,2013-11-25,2014-03-16,2013,11,25,Western-Africa,WAF,8.60562399067243,12.041975
15169,NGA,katsina,katsina,2010-09-06,2010-11-07,2010,9,6,Western-Africa,WAF,7.61172925149606,13.0010324724502
15169,NGA,katsina,katsina,2018-07-16,2018-11-11,2018,7,16,Western-Africa,WAF,7.61172925149606,13.0010324724502
12535,NGA,kwara,ilorinsouth,2013-06-03,2013-07-14,2013,6,3,Western-Africa,WAF,4.69238830930557,8.43525326861582
12535,NGA,kwara,ilorinsouth,2017-05-15,2017-07-30,2017,5,15,Western-Africa,WAF,4.69238830930557,8.43525326861582
12541,NGA,lagos,kosofe,2016-09-19,2016-11-20,2016,9,19,Western-Africa,WAF,3.4010068440974,6.60701643825279
12549,NGA,lagos,lagosisland,2016-09-12,2016-10-30,2016,9,12,Western-Africa,WAF,3.37727808060626,6.45881573837221
12165,NGA,osun,ifecentral,2010-08-16,2010-09-26,2010,8,16,Western-Africa,WAF,4.60912667080142,7.40091970729692
12629,NGA,oyo,ibadansoutheast,2011-07-11,2011-09-11,2011,7,11,Western-Africa,WAF,3.90179856115108,7.29074340527578
12636,NGA,oyo,onaara,2011-08-01,2011-09-11,2011,8,1,Western-Africa,WAF,4.04012762442288,7.25076898380382
15182,NGA,plateau,josnorth,2014-04-07,2014-06-22,2014,4,7,Western-Africa,WAF,8.90583192035816,9.94358155688869
15182,NGA,plateau,josnorth,2015-06-08,2015-07-12,2015,6,8,Western-Africa,WAF,8.90583192035816,9.94358155688869
10615,SLE,westernarea,freetown,2012-07-16,2012-10-21,2012,7,16,Western-Africa,WAF,-13.2443827420392,8.45321485262058
15088,SLE,westernarea,westernareaurban,2012-07-09,2012-10-28,2012,7,9,Western-Africa,WAF,-13.1762548544592,8.4486345
13277,TCD,villedendjamena,n'djamenacentrehealthdistrict,2011-07-25,2011-10-30,2011,7,25,Central-Africa,CAF,15.0264530707516,12.124466844701
13278,TCD,villedendjamena,n'djamenaesthealthdistrict,2011-06-20,2011-11-06,2011,6,20,Central-Africa,CAF,15.0837988660782,12.1503439067612
13279,TCD,villedendjamena,n'djamenanordhealthdistrict,2011-06-13,2011-11-20,2011,6,13,Central-Africa,CAF,14.9595946435089,12.1604186264204
13280,TCD,villedendjamena,n'djamenasudhealthdistrict,2010-09-13,2010-12-05,2010,9,13,Central-Africa,CAF,15.1425824422423,12.0700147908423
13280,TCD,villedendjamena,n'djamenasudhealthdistrict,2011-04-11,2011-11-27,2011,4,11,Central-Africa,CAF,15.1425824422423,12.0700147908423
12932,TZA,arusha,arushaurban,2010-01-25,2010-03-14,2010,1,25,S.Eastern-Africa,SEAF,36.6753641386378,-3.43796357882594
12932,TZA,arusha,arushaurban,2015-11-29,2016-03-12,2015,11,29,S.Eastern-Africa,SEAF,36.6753641386378,-3.43796357882594
12947,TZA,daressalaam,ilala,2015-08-23,2016-01-02,2015,8,23,S.Eastern-Africa,SEAF,39.1501439663736,-6.93488383214659
12954,TZA,daressalaam,kinondoni,2016-04-17,2016-05-28,2016,4,17,S.Eastern-Africa,SEAF,39.1430543916243,-6.73028418059988
12955,TZA,daressalaam,temeke,2010-02-08,2010-07-04,2010,2,8,S.Eastern-Africa,SEAF,39.407949848698,-6.9806910964654
12955,TZA,daressalaam,temeke,2015-09-06,2015-12-19,2015,9,6,S.Eastern-Africa,SEAF,39.407949848698,-6.9806910964654
14143,TZA,mbeya,mbeyaurban,2017-09-10,2017-12-23,2017,9,10,S.Eastern-Africa,SEAF,33.4781363808075,-8.89975891380014
14173,TZA,mwanza,ilemela,2015-11-08,2016-04-16,2015,11,8,S.Eastern-Africa,SEAF,32.9807526621418,-2.45981565242518
14178,TZA,mwanza,nyamagana,2015-11-08,2016-05-07,2015,11,8,S.Eastern-Africa,SEAF,32.943976372017,-2.59015874372119
14445,ZMB,lusaka,lusaka,2017-12-04,2018-02-04,2017,12,4,E.Southern-Africa,ESAF,28.3118076543185,-15.43358728023
