province,year,observation_start,observation_end,outbreak,exposure_start,exposure_end,incidence,no_of_events,fatalities_total
Haut-Katanga_10_1,2010,1,52,45,47,48,0.154885425519982,2,2
Sud-Kivu_10_1,2010,1,52,31,5,15,0.449167734007948,31,270
Sud-Kivu_10_1,2010,1,52,31,22,52,0.449167734007948,31,270
Sud-Kivu_10_2,2010,1,52,36,5,15,0.619541702079929,31,270
Sud-Kivu_10_2,2010,1,52,36,22,52,0.619541702079929,31,270
Sud-Kivu_10_3,2010,1,52,36,5,15,0.464656276559946,31,270
Sud-Kivu_10_3,2010,1,52,36,22,52,0.464656276559946,31,270
Sud-Kivu_10_4,2010,1,52,36,5,15,0.151787717009582,31,270
Sud-Kivu_10_4,2010,1,52,36,22,52,0.151787717009582,31,270
Sud-Kivu_10_5,2010,1,52,37,5,15,0.26330522338397,31,270
Sud-Kivu_10_5,2010,1,52,37,22,52,0.26330522338397,31,270
Tanganyika_10_1,2010,1,52,45,52,52,0.0635030244631927,1,0
Tanganyika_10_2,2010,1,52,40,52,52,0.309770851039964,1,0
Tshopo_10_1,2010,1,52,24,1,3,1.54885425519982,4,12
Tshopo_10_1,2010,1,52,24,10,10,1.54885425519982,4,12
Equateur_11_1,2011,1,52,27,18,21,0.786456140696734,5,0
Equateur_11_1,2011,1,52,27,41,41,0.786456140696734,5,0
Equateur_11_1,2011,1,52,27,50,50,0.786456140696734,5,0
Equateur_11_2,2011,1,52,32,18,21,2.43726503031159,5,0
Equateur_11_2,2011,1,52,32,41,41,2.43726503031159,5,0
Equateur_11_3,2011,1,52,32,50,50,2.43726503031159,5,0
Equateur_11_3,2011,1,52,34,18,21,0.154295204746216,5,0
Equateur_11_3,2011,1,52,34,41,41,0.154295204746216,5,0
Equateur_11_3,2011,1,52,34,50,50,0.154295204746216,5,0
Equateur_11_4,2011,1,52,34,18,21,0.0104860818759565,5,0
Equateur_11_4,2011,1,52,34,41,41,0.0104860818759565,5,0
Equateur_11_5,2011,1,52,34,50,50,0.0104860818759565,5,0
Equateur_11_5,2011,1,52,38,18,21,2.17211696001955,5,0
Equateur_11_5,2011,1,52,38,41,41,2.17211696001955,5,0
Equateur_11_6,2011,1,52,38,50,50,2.17211696001955,5,0
Equateur_11_6,2011,1,52,39,18,21,3.58773801327367,5,0
Equateur_11_6,2011,1,52,39,41,41,3.58773801327367,5,0
Equateur_11_7,2011,1,52,39,50,50,3.58773801327367,5,0
Equateur_11_7,2011,1,52,49,18,21,4.55395555755823,5,0
Equateur_11_7,2011,1,52,49,41,41,4.55395555755823,5,0
Equateur_11_8,2011,1,52,49,50,50,4.55395555755823,5,0
Ituri_11_1,2011,1,52,52,1,44,0.0254661988416085,52,11
Ituri_11_1,2011,1,52,52,51,51,0.0254661988416085,52,11
Kinshasa_11_1,2011,1,52,27,2,9,0.0524304093797823,43,58
Kinshasa_11_1,2011,1,52,27,16,51,0.0524304093797823,43,58
Kinshasa_11_2,2011,1,52,30,2,9,0.185753450374086,43,58
Kinshasa_11_2,2011,1,52,30,16,51,0.185753450374086,43,58
Kinshasa_11_3,2011,1,52,32,2,9,0.405961169769171,43,58
Kinshasa_11_3,2011,1,52,32,16,51,0.405961169769171,43,58
Kinshasa_11_4,2011,1,52,34,2,9,0.54078222246004,43,58
Kinshasa_11_4,2011,1,52,34,16,51,0.54078222246004,43,58
Kinshasa_11_5,2011,1,52,41,2,9,0.0254661988416085,43,58
Kinshasa_11_5,2011,1,52,41,16,51,0.0254661988416085,43,58
Kinshasa_11_6,2011,1,52,48,2,9,0.993181754822733,43,58
Kinshasa_11_6,2011,1,52,48,16,51,0.993181754822733,43,58
Kinshasa_11_7,2011,1,52,49,2,9,1.12350877242391,43,58
Kinshasa_11_7,2011,1,52,49,16,51,1.12350877242391,43,58
Kinshasa_11_8,2011,1,52,52,2,9,0.525802105494388,43,58
Kinshasa_11_8,2011,1,52,52,16,51,0.525802105494388,43,58
Kinshasa_11_9,2011,1,52,52,2,9,1.44258526379229,43,58
Kinshasa_11_9,2011,1,52,52,16,51,1.44258526379229,43,58
Maï-Ndombe_11_1,2011,1,52,24,17,17,0.723539649440995,2,3
Maï-Ndombe_11_1,2011,1,52,24,37,37,0.723539649440995,2,3
Maï-Ndombe_11_2,2011,1,52,25,17,17,1.25683181341821,2,3
Maï-Ndombe_11_2,2011,1,52,25,37,37,1.25683181341821,2,3
Maï-Ndombe_11_3,2011,1,52,27,17,17,1.90397286633438,2,3
Maï-Ndombe_11_3,2011,1,52,27,37,37,1.90397286633438,2,3
Maï-Ndombe_11_4,2011,1,52,27,17,17,1.8515424569546,2,3
Maï-Ndombe_11_4,2011,1,52,27,37,37,1.8515424569546,2,3
Maï-Ndombe_11_5,2011,1,52,32,17,17,2.40281076129059,2,3
Maï-Ndombe_11_5,2011,1,52,32,37,37,2.40281076129059,2,3
Maï-Ndombe_11_6,2011,1,52,34,17,17,2.46422924084977,2,3
Maï-Ndombe_11_6,2011,1,52,34,37,37,2.46422924084977,2,3
Maï-Ndombe_11_7,2011,1,52,49,17,17,3.44692491379654,2,3
Maï-Ndombe_11_7,2011,1,52,49,37,37,3.44692491379654,2,3
Nord-Kivu_11_1,2011,1,52,49,3,52,2.44325707709785,253,197
Sud-Kivu_11_1,2011,1,52,52,1,51,0.104860818759565,230,139
Sud-Kivu_11_2,2011,1,52,52,1,51,0.378996959230998,230,139
Tshopo_11_1,2011,1,52,9,7,10,5.83625356981805,22,19
Tshopo_11_1,2011,1,52,9,19,31,5.83625356981805,22,19
Tshopo_11_1,2011,1,52,9,43,50,5.83625356981805,22,19
Tshopo_11_2,2011,1,52,12,7,10,0.804432281055516,22,19
Tshopo_11_2,2011,1,52,12,19,31,0.804432281055516,22,19
Tshopo_11_2,2011,1,52,12,43,50,0.804432281055516,22,19
Tshopo_11_3,2011,1,52,14,7,10,1.39464888950221,22,19
Tshopo_11_3,2011,1,52,14,19,31,1.39464888950221,22,19
Tshopo_11_3,2011,1,52,14,43,50,1.39464888950221,22,19
Tshopo_11_4,2011,1,52,14,7,10,1.17743719350025,22,19
Tshopo_11_4,2011,1,52,14,19,31,1.17743719350025,22,19
Tshopo_11_4,2011,1,52,14,43,50,1.17743719350025,22,19
Tshopo_11_5,2011,1,52,30,7,10,2.09721637519129,22,19
Tshopo_11_5,2011,1,52,30,19,31,2.09721637519129,22,19
Tshopo_11_5,2011,1,52,30,43,50,2.09721637519129,22,19
Tshopo_11_6,2011,1,52,32,7,10,2.37584655075242,22,19
Tshopo_11_6,2011,1,52,32,19,31,2.37584655075242,22,19
Tshopo_11_6,2011,1,52,32,43,50,2.37584655075242,22,19
Tshopo_11_7,2011,1,52,39,7,10,2.38183859753868,22,19
Tshopo_11_7,2011,1,52,39,19,31,2.38183859753868,22,19
Tshopo_11_7,2011,1,52,39,43,50,2.38183859753868,22,19
Tshopo_11_8,2011,1,52,40,7,10,10.3512608232656,22,19
Tshopo_11_8,2011,1,52,40,19,31,10.3512608232656,22,19
Tshopo_11_8,2011,1,52,40,43,50,10.3512608232656,22,19
Equateur_12_1,2012,1,52,7,1,6,0.00579535889404384,10,4
Equateur_12_1,2012,1,52,7,25,29,0.00579535889404384,10,4
Equateur_12_1,2012,1,52,7,40,52,0.00579535889404384,10,4
Equateur_12_2,2012,1,52,7,1,6,0.00289767944702192,10,4
Equateur_12_2,2012,1,52,7,25,29,0.00289767944702192,10,4
Equateur_12_2,2012,1,52,7,40,52,0.00289767944702192,10,4
Equateur_12_3,2012,1,52,15,1,6,0.133293254563008,10,4
Equateur_12_3,2012,1,52,15,25,29,0.133293254563008,10,4
Equateur_12_3,2012,1,52,15,40,52,0.133293254563008,10,4
Equateur_12_4,2012,1,52,20,1,6,17.8076890416732,10,4
Equateur_12_4,2012,1,52,20,25,29,17.8076890416732,10,4
Equateur_12_4,2012,1,52,20,40,52,17.8076890416732,10,4
Equateur_12_5,2012,1,52,29,1,6,3.15991943697741,10,4
Equateur_12_5,2012,1,52,29,25,29,3.15991943697741,10,4
Equateur_12_5,2012,1,52,29,40,52,3.15991943697741,10,4
Haut-Katanga_12_1,2012,1,52,37,7,8,0.0854815436871467,27,27
Haut-Katanga_12_1,2012,1,52,37,16,34,0.0854815436871467,27,27
Haut-Katanga_12_1,2012,1,52,37,41,51,0.0854815436871467,27,27
Haut-Katanga_12_2,2012,1,52,51,7,8,0.130395575115987,27,27
Haut-Katanga_12_2,2012,1,52,51,16,34,0.130395575115987,27,27
Haut-Katanga_12_2,2012,1,52,51,41,51,0.130395575115987,27,27
Ituri_12_1,2012,1,52,1,1,51,6.80375134160747,87,131
Ituri_12_2,2012,1,52,1,1,51,0.233263195485265,87,131
Ituri_12_3,2012,1,52,2,1,51,0.0188349164056425,87,131
Ituri_12_4,2012,1,52,3,1,51,0.0724419861755481,87,131
Ituri_12_5,2012,1,52,3,1,51,0.751947816502189,87,131
Ituri_12_6,2012,1,52,7,1,51,1.67340988065516,87,131
Ituri_12_7,2012,1,52,7,1,51,1.29381387309529,87,131
Kinshasa_12_1,2012,1,52,3,4,12,0.508542742952347,27,1
Kinshasa_12_1,2012,1,52,3,19,52,0.508542742952347,27,1
Kinshasa_12_2,2012,1,52,5,4,12,1.59372369586206,27,1
Kinshasa_12_2,2012,1,52,5,19,52,1.59372369586206,27,1
Kinshasa_12_3,2012,1,52,15,4,12,0.531724178528523,27,1
Kinshasa_12_3,2012,1,52,15,19,52,0.531724178528523,27,1
Kinshasa_12_4,2012,1,52,26,4,12,0.0188349164056425,27,1
Kinshasa_12_4,2012,1,52,26,19,52,0.0188349164056425,27,1
Kongo-Central_12_1,2012,1,52,6,7,7,0.0724419861755481,5,0
Kongo-Central_12_1,2012,1,52,6,39,45,0.0724419861755481,5,0
Kongo-Central_12_2,2012,1,52,6,7,7,0.00289767944702192,5,0
Kongo-Central_12_2,2012,1,52,6,39,45,0.00289767944702192,5,0
Kongo-Central_12_3,2012,1,52,7,7,7,0.179656125715359,5,0
Kongo-Central_12_3,2012,1,52,7,39,45,0.179656125715359,5,0
Kongo-Central_12_4,2012,1,52,15,7,7,0.549110255210654,5,0
Kongo-Central_12_4,2012,1,52,15,39,45,0.549110255210654,5,0
Kongo-Central_12_5,2012,1,52,23,7,7,0.00434651917053288,5,0
Kongo-Central_12_5,2012,1,52,23,39,45,0.00434651917053288,5,0
Kongo-Central_12_6,2012,1,52,27,7,7,1.35321630175924,5,0
Kongo-Central_12_6,2012,1,52,27,39,45,1.35321630175924,5,0
Kongo-Central_12_7,2012,1,52,31,7,7,0.149230491521629,5,0
Kongo-Central_12_7,2012,1,52,31,39,45,0.149230491521629,5,0
Kongo-Central_12_8,2012,1,52,36,7,7,0.0695443067285261,5,0
Kongo-Central_12_8,2012,1,52,36,39,45,0.0695443067285261,5,0
Maï-Ndombe_12_1,2012,1,52,15,25,25,0.764987374013787,1,0
Nord-Kivu_12_1,2012,1,52,5,1,52,0.0333233136407521,556,697
Nord-Kivu_12_2,2012,1,52,30,1,52,0.533173018252034,556,697
Nord-Kivu_12_3,2012,1,52,33,1,52,0.144883972351096,556,697
Nord-Kivu_12_4,2012,1,52,34,1,52,0.07533966562257,556,697
Sud-Kivu_12_1,2012,1,52,1,1,52,0.0695443067285261,190,500
Sud-Kivu_12_2,2012,1,52,2,1,52,2.3659552684934,190,500
Sud-Kivu_12_3,2012,1,52,3,1,52,19.7216063164312,190,500
Sud-Kivu_12_4,2012,1,52,3,1,52,0.217325958526644,190,500
Sud-Kivu_12_5,2012,1,52,14,1,52,3.18744739172411,190,500
Sud-Kivu_12_6,2012,1,52,15,1,52,3.20773114785327,190,500
Sud-Kivu_12_7,2012,1,52,26,1,52,0.217325958526644,190,500
Tshopo_12_1,2012,1,52,2,4,9,0.289767944702192,22,42
Tshopo_12_1,2012,1,52,2,26,37,0.289767944702192,22,42
Tshopo_12_1,2012,1,52,2,47,47,0.289767944702192,22,22
Tshopo_12_2,2012,1,52,14,4,9,0.0434651917053288,22,22
Tshopo_12_2,2012,1,52,14,26,37,0.0434651917053288,22,22
Tshopo_12_2,2012,1,52,14,47,47,0.0434651917053288,22,22
Tshopo_12_3,2012,1,52,36,4,9,0.0434651917053288,22,22
Tshopo_12_3,2012,1,52,36,26,37,0.0434651917053288,22,22
Tshopo_12_3,2012,1,52,36,47,47,0.0434651917053288,22,22
Haut-Katanga_13_1,2013,1,52,1,1,52,11.828953362407,73,188
Haut-Katanga_13_2,2013,1,52,4,1,52,0.49047905187092,73,188
Haut-Katanga_13_3,2013,1,52,6,1,52,3.22314805515176,73,188
Haut-Katanga_13_4,2013,1,52,20,1,52,14.013687196312,73,188
Haut-Katanga_13_5,2013,1,52,20,1,52,8.40821231778721,73,188
Haut-Katanga_13_6,2013,1,52,20,1,52,2.8027374392624,73,188
Haut-Katanga_13_7,2013,1,52,20,1,52,0.700684359815601,73,188
Haut-Katanga_13_8,2013,1,52,22,1,52,1.25282363535029,73,188
Haut-Katanga_13_9,2013,1,52,48,1,52,1.25282363535029,73,188
Haut-Katanga_13_10,2013,1,52,50,1,52,0.613799499198466,73,188
Haut-Katanga_13_11,2013,1,52,50,1,52,0.0588574862245104,73,188
Ituri_13_1,2013,1,52,15,2,50,0.00980958103741841,78,143
Ituri_13_2,2013,1,52,31,2,50,0.014013687196312,78,143
Nord-Kivu_13_1,2013,1,52,5,1,52,0.00840821231778721,264,936
Sud-Kivu_13_1,2013,1,52,15,1,52,0.0308301118318864,100,82
Sud-Kivu_13_2,2013,1,52,34,1,52,0.0266260056729928,100,82
Sud-Kivu_13_3,2013,1,52,37,1,52,0.149946453000539,100,82
Sud-Kivu_13_4,2013,1,52,46,1,52,0.0700684359815601,100,82
Sud-Kivu_13_5,2013,1,52,48,1,52,0.1751710899539,100,82
Sud-Kivu_13_6,2013,1,52,49,1,52,0.184980670991319,100,82
Tanganyika_13_1,2013,1,52,41,1,51,0.319512068075914,43,64
Haut-Katanga_14_1,2014,1,53,7,1,53,0.150472877284204,78,147
Haut-Katanga_14_2,2014,1,53,9,1,53,1.49117265777139,78,147
Haut-Katanga_14_3,2014,1,53,9,1,53,0.100315251522802,78,147
Haut-Katanga_14_4,2014,1,53,9,1,53,0.013556115070649,78,147
Haut-Katanga_14_5,2014,1,53,17,1,53,1.4288145284464,78,147
Haut-Katanga_14_6,2014,1,53,29,1,53,0.123360647142906,78,147
Haut-Katanga_14_7,2014,1,53,35,1,53,0.677805753532449,78,147
Haut-Katanga_14_8,2014,1,53,51,1,53,11.7938201114646,78,147
Haut-Lomami_14_1,2014,1,53,1,9,14,6.29545983880939,14,6
Haut-Lomami_14_1,2014,1,53,1,29,49,6.29545983880939,14,6
Sud-Kivu_14_1,2014,1,53,2,1,53,0.108448920565192,153,212
Sud-Kivu_14_2,2014,1,53,3,1,53,0.303656977582537,153,212
Sud-Kivu_14_3,2014,1,53,21,1,53,0.0677805753532449,153,212
Sud-Kivu_14_4,2014,1,53,23,1,53,0.0704917983673747,153,212
Sud-Kivu_14_5,2014,1,53,37,1,53,0.0976040285086727,153,212
Haut-Katanga_15_1,2015,1,52,6,3,52,0.00393470777397528,32,9
Haut-Katanga_15_2,2015,1,52,9,3,52,1.96735388698764,32,9
Haut-Katanga_15_3,2015,1,52,13,3,52,2.62313851598352,32,9
Haut-Katanga_15_4,2015,1,52,49,3,52,0.393470777397528,32,9
Haut-Katanga_15_5,2015,1,52,50,3,52,5.98731366273238,32,9
Haut-Katanga_15_6,2015,1,52,51,3,52,0.236082466438517,32,9
Haut-Katanga_15_7,2015,1,52,51,3,52,0.0983676943493819,32,9
Haut-Katanga_15_8,2015,1,52,51,3,52,0.0577090473516374,32,9
Haut-Katanga_15_9,2015,1,52,51,3,52,0.0511512010616786,32,9
Haut-Katanga_15_10,2015,1,52,51,3,52,0.0222966773858599,32,9
Haut-Katanga_15_11,2015,1,52,51,3,52,0.0275429544178269,32,9
Haut-Katanga_15_12,2015,1,52,52,3,52,0.107882906228927,32,9
Ituri_15_1,2015,1,52,36,2,52,0.352812130399783,122,227
Ituri_15_2,2015,1,52,51,2,52,0.236082466438517,122,227
Ituri_15_3,2015,1,52,51,2,52,0.124599079509217,122,227
Maniema_15_1,2015,1,52,36,9,24,0.914163772820256,10,3
Maniema_15_1,2015,1,52,36,35,46,0.914163772820256,10,3
Maniema_15_2,2015,1,52,39,9,24,3.93470777397528,10,3
Maniema_15_2,2015,1,52,39,35,46,3.93470777397528,10,3
Maniema_15_3,2015,1,52,40,9,24,3.17399760434006,10,3
Maniema_15_3,2015,1,52,40,35,46,3.17399760434006,10,3
Maniema_15_4,2015,1,52,50,9,24,5.20824152348527,10,3
Maniema_15_4,2015,1,52,50,35,46,5.20824152348527,10,3
Nord-Kivu_15_1,2015,1,52,50,1,52,4.32030913582485,341,789
Sud-Kivu_15_1,2015,1,52,2,1,52,0.0183619696118846,111,109
Sud-Kivu_15_2,2015,1,52,50,1,52,6.43455877970757,111,109
Tshopo_15_1,2015,1,52,39,2,2,1.31156925799176,18,0
Tshopo_15_1,2015,1,52,39,18,35,1.31156925799176,18,0
Tshopo_15_1,2015,1,52,39,43,47,1.31156925799176,18,0
Tshopo_15_2,2015,1,52,39,2,2,0.0524627703196704,18,0
Tshopo_15_2,2015,1,52,39,18,35,0.0524627703196704,18,0
Tshopo_15_2,2015,1,52,39,43,47,0.0524627703196704,18,0
Tshopo_15_3,2015,1,52,50,2,2,3.89404912697753,18,0
Tshopo_15_3,2015,1,52,50,18,35,3.89404912697753,18,0
Tshopo_15_3,2015,1,52,50,43,47,3.89404912697753,18,0
Equateur_16_1,2016,1,52,14,2,2,0.00761526396910071,7,1
Equateur_16_1,2016,1,52,14,21,21,0.00761526396910071,7,1
Equateur_16_1,2016,1,52,14,32,40,0.00761526396910071,7,1
Equateur_16_1,2016,1,52,14,52,52,0.00761526396910071,7,1
Equateur_16_2,2016,1,52,19,2,2,0.277957134872176,7,1
Equateur_16_2,2016,1,52,19,21,21,0.277957134872176,7,1
Equateur_16_2,2016,1,52,19,32,40,0.277957134872176,7,1
Equateur_16_2,2016,1,52,19,52,52,0.277957134872176,7,1
Equateur_16_3,2016,1,52,21,2,2,0.327456350671331,7,1
Equateur_16_3,2016,1,52,21,21,21,0.327456350671331,7,1
Equateur_16_3,2016,1,52,21,32,40,0.327456350671331,7,1
Equateur_16_3,2016,1,52,21,52,52,0.327456350671331,7,1
Equateur_16_4,2016,1,52,42,2,2,0.0393455305070203,7,1
Equateur_16_4,2016,1,52,42,21,21,0.0393455305070203,7,1
Equateur_16_4,2016,1,52,42,32,40,0.0393455305070203,7,1
Equateur_16_4,2016,1,52,42,52,52,0.0393455305070203,7,1
Haut-Katanga_16_1,2016,1,52,1,1,51,0.191650809889035,45,31
Haut-Katanga_16_2,2016,1,52,14,1,51,0.263995817595491,45,31
Haut-Lomami_16_1,2016,1,52,13,23,24,0.0342686878609532,7,21
Haut-Lomami_16_1,2016,1,52,13,33,44,0.0342686878609532,7,21
Haut-Lomami_16_2,2016,1,52,13,23,24,0.0317302665379196,7,21
Haut-Lomami_16_2,2016,1,52,13,33,44,0.0317302665379196,7,21
Haut-Lomami_16_3,2016,1,52,13,23,24,0.0152305279382014,7,21
Haut-Lomami_16_3,2016,1,52,13,33,44,0.0152305279382014,7,21
Haut-Lomami_16_4,2016,1,52,13,23,24,0.00634605330758393,7,21
Haut-Lomami_16_4,2016,1,52,13,33,44,0.00634605330758393,7,21
Haut-Lomami_16_5,2016,1,52,14,23,24,0.25257292164184,7,21
Haut-Lomami_16_5,2016,1,52,14,33,44,0.25257292164184,7,21
Ituri_16_1,2016,1,52,24,1,52,0.241150025688189,122,139
Kinshasa_16_1,2016,1,52,14,1,52,0.00761526396910071,67,86
Kinshasa_16_2,2016,1,52,19,1,52,0.017768949261235,67,86
Kinshasa_16_3,2016,1,52,27,1,52,0.00380763198455036,67,86
Kinshasa_16_4,2016,1,52,35,1,52,0.00761526396910071,67,86
Kinshasa_16_5,2016,1,52,52,1,52,0.156112911366565,67,86
Maï-Ndombe_16_1,2016,1,52,19,7,7,0.0406147411685371,3,0
Maï-Ndombe_16_1,2016,1,52,19,17,17,0.0406147411685371,3,0
Maï-Ndombe_16_1,2016,1,52,19,38,38,0.0406147411685371,3,0
Maniema_16_1,2016,1,52,39,4,4,0.064729743737356,5,5
Maniema_16_1,2016,1,52,39,15,20,0.064729743737356,5,5
Maniema_16_1,2016,1,52,39,37,38,0.064729743737356,5,5
Mongala_16_1,2016,1,52,15,19,23,0.0482300051376378,5,20
Mongala_16_1,2016,1,52,15,49,51,0.0482300051376378,5,20
Mongala_16_2,2016,1,52,27,19,23,0.088844746306175,5,20
Mongala_16_2,2016,1,52,27,49,51,0.088844746306175,5,20
Mongala_16_3,2016,1,52,34,19,23,0.182766335258417,5,20
Mongala_16_3,2016,1,52,34,49,51,0.182766335258417,5,20
Nord-Kivu_16_1,2016,1,52,13,1,52,0.0406147411685371,386,960
Nord-Kivu_16_2,2016,1,52,13,1,52,0.0203073705842686,386,960
Nord-Kivu_16_3,2016,1,52,13,1,52,0.0190381599227518,386,960
Nord-Kivu_16_4,2016,1,52,14,1,52,0.250034500318807,386,960
Nord-Ubangi_16_1,2016,1,52,27,30,30,0.491184526006996,1,0
Sud-Kivu_16_1,2016,1,52,14,1,52,0.281764766856726,118,96
Tanganyika_16_1,2016,1,52,26,6,51,0.164997385997182,50,129
Tanganyika_16_2,2016,1,52,28,6,51,0.204342916504202,50,129
Tanganyika_16_3,2016,1,52,28,6,51,0.153574490043531,50,129
Tanganyika_16_4,2016,1,52,45,6,51,0.178958703273867,50,129
Tshopo_16_1,2016,1,52,10,4,8,0.380763198455036,19,6
Tshopo_16_1,2016,1,52,10,15,38,0.380763198455036,19,6
Tshopo_16_2,2016,1,52,10,4,8,0.431531624915707,19,6
Tshopo_16_2,2016,1,52,10,15,38,0.431531624915707,19,6
Tshopo_16_3,2016,1,52,10,4,8,0.0126921066151679,19,6
Tshopo_16_3,2016,1,52,10,15,38,0.0126921066151679,19,6
Tshopo_16_4,2016,1,52,10,4,8,0.0228457919073021,19,6
Tshopo_16_4,2016,1,52,10,15,38,0.0228457919073021,19,6
Tshopo_16_5,2016,1,52,14,4,8,0.404878201023854,19,6
Tshopo_16_5,2016,1,52,14,15,38,0.404878201023854,19,6
Tshopo_16_6,2016,1,52,29,4,8,0.388378462424136,19,6
Tshopo_16_6,2016,1,52,29,15,38,0.388378462424136,19,6
Bas-Uele_17_1,2017,1,52,8,1,10,0.233418777710187,19,24
Bas-Uele_17_1,2017,1,52,8,19,29,0.233418777710187,19,24
Bas-Uele_17_1,2017,1,52,8,40,40,0.233418777710187,19,24
Equateur_17_1,2017,1,52,11,4,4,0.0970530707321305,9,2
Equateur_17_1,2017,1,52,11,15,31,0.0970530707321305,9,2
Equateur_17_1,2017,1,52,11,47,47,0.0970530707321305,9,2
Haut-Lomami_17_1,2017,1,52,31,12,21,0.124080508151205,5,5
Haut-Lomami_17_1,2017,1,52,31,51,51,0.124080508151205,5,5
Haut-Lomami_17_2,2017,1,52,40,12,21,0.303444411023244,5,5
Haut-Lomami_17_2,2017,1,52,40,51,51,0.303444411023244,5,5
Haut-Lomami_17_3,2017,1,52,40,12,21,2.45703976537039,5,5
Haut-Lomami_17_3,2017,1,52,40,51,51,2.45703976537039,5,5
Haut-Lomami_17_4,2017,1,52,42,12,21,0.230961737944817,5,5
Haut-Lomami_17_4,2017,1,52,42,51,51,0.230961737944817,5,5
Ituri_17_1,2017,1,52,10,2,52,0.269045854308058,96,72
Kasaï_17_1,2017,1,52,45,12,20,2.44475456654354,35,736
Kasaï_17_1,2017,1,52,45,28,31,2.44475456654354,35,736
Kasaï_17_1,2017,1,52,45,43,45,2.44475456654354,35,736
Kinshasa_17_1,2017,1,52,3,5,52,0.890676914946768,44,80
Kinshasa_17_2,2017,1,52,24,5,52,0.104424190028242,44,80
Kinshasa_17_3,2017,1,52,31,5,52,0.0184277982402779,44,80
Kinshasa_17_4,2017,1,52,47,5,52,1.25554732010427,44,80
Kinshasa_17_5,2017,1,52,48,5,52,0.151107945570279,44,80
Kongo-Central_17_1,2017,1,52,9,4,10,0.0429981958939819,15,26
Kongo-Central_17_1,2017,1,52,9,18,38,0.0429981958939819,15,26
Kongo-Central_17_1,2017,1,52,9,46,48,0.0429981958939819,15,26
Kongo-Central_17_2,2017,1,52,9,4,10,0.0245703976537039,15,26
Kongo-Central_17_2,2017,1,52,9,18,38,0.0245703976537039,15,26
Kongo-Central_17_2,2017,1,52,9,46,48,0.0245703976537039,15,26
Kongo-Central_17_3,2017,1,52,24,4,10,1.78995346907233,15,26
Kongo-Central_17_3,2017,1,52,24,18,38,1.78995346907233,15,26
Kongo-Central_17_3,2017,1,52,24,46,48,1.78995346907233,15,26
Kongo-Central_17_4,2017,1,52,24,4,10,1.1953498458527,15,26
Kongo-Central_17_4,2017,1,52,24,18,38,1.1953498458527,15,26
Kongo-Central_17_4,2017,1,52,24,46,48,1.1953498458527,15,26
Kongo-Central_17_5,2017,1,52,31,4,10,0.0724826730784266,15,26
Kongo-Central_17_5,2017,1,52,31,18,38,0.0724826730784266,15,26
Kongo-Central_17_5,2017,1,52,31,46,48,0.0724826730784266,15,26
Kongo-Central_17_6,2017,1,52,40,4,10,0.179363902872039,15,26
Kongo-Central_17_6,2017,1,52,40,18,38,0.179363902872039,15,26
Kongo-Central_17_6,2017,1,52,40,46,48,0.179363902872039,15,26
Kongo-Central_17_7,2017,1,52,42,4,10,0.184277982402779,15,26
Kongo-Central_17_7,2017,1,52,42,18,38,0.184277982402779,15,26
Kongo-Central_17_7,2017,1,52,42,46,48,0.184277982402779,15,26
Kwilu_17_1,2017,1,52,33,3,3,0.12285198826852,7,3
Kwilu_17_1,2017,1,52,33,16,24,0.12285198826852,7,3
Kwilu_17_1,2017,1,52,33,32,32,0.12285198826852,7,3
Kwilu_17_1,2017,1,52,33,51,51,0.12285198826852,7,3
Maï-Ndombe_17_1,2017,1,52,31,21,21,0.0245703976537039,1,0
Maniema_17_1,2017,1,52,42,9,20,0.0589689543688894,18,28
Maniema_17_1,2017,1,52,42,32,38,0.0589689543688894,18,28
Maniema_17_1,2017,1,52,42,48,49,0.0589689543688894,18,28
Mongala_17_1,2017,1,52,24,21,21,1.6843007591614,2,1
Nord-Kivu_17_1,2017,1,52,27,1,52,1.79855310825113,323,762
Nord-Kivu_17_2,2017,1,52,28,1,52,0.710084492192044,323,762
Nord-Kivu_17_3,2017,1,52,29,1,52,1.43491122297631,323,762
Nord-Kivu_17_4,2017,1,52,31,1,52,0.859963917879638,323,762
Nord-Kivu_17_5,2017,1,52,32,1,52,3.85755243163152,323,762
Nord-Kivu_17_6,2017,1,52,37,1,52,0.686742614421025,323,762
Nord-Kivu_17_7,2017,1,52,40,1,52,1.15112313007603,323,762
Nord-Kivu_17_8,2017,1,52,42,1,52,0.900505074008249,323,762
Sud-Kivu_17_1,2017,1,52,12,1,52,0.151107945570279,158,204
Sud-Kivu_17_2,2017,1,52,24,1,52,1.73221303458613,158,204
Sud-Kivu_17_3,2017,1,52,31,1,52,0.132680147330001,158,204
Sud-Kivu_17_4,2017,1,52,33,1,52,0.0921389912013897,158,204
Sud-Kivu_17_5,2017,1,52,33,1,52,0.282559573017595,158,204
Sud-Kivu_17_6,2017,1,52,37,1,52,0.953331428963712,158,204
Sud-Kivu_17_7,2017,1,52,40,1,52,0.78256716527047,158,204
Sud-Kivu_17_8,2017,1,52,42,1,52,0.573718785213987,158,204
Tanganyika_17_1,2017,1,52,24,1,48,3.32437480254614,63,184
Tanganyika_17_2,2017,1,52,31,1,48,0.0601974742515746,63,184
Tanganyika_17_3,2017,1,52,40,1,48,0.502464632018245,63,184
Tanganyika_17_4,2017,1,52,42,1,48,0.266588814542688,63,184
Equateur_18_1,2018,1,52,13,4,10,0.0868343733414858,5,2
Equateur_18_1,2018,1,52,13,23,23,0.0868343733414858,5,2
Equateur_18_1,2018,1,52,13,36,36,0.0868343733414858,5,2
Equateur_18_2,2018,1,52,38,4,10,0.0356853589074599,5,2
Equateur_18_2,2018,1,52,38,23,23,0.0356853589074599,5,2
Equateur_18_2,2018,1,52,38,36,36,0.0356853589074599,5,2
Haut-Katanga_18_1,2018,1,52,47,3,50,0.019032191417312,42,20
Ituri_18_1,2018,1,52,3,1,50,0.63757841247995,165,441
Kasaï-Oriental_18_1,2018,1,52,7,3,9,6.96340303480901,7,1
Kasaï-Oriental_18_1,2018,1,52,7,36,36,6.96340303480901,7,1
Kasaï-Oriental_18_1,2018,1,52,7,43,50,6.96340303480901,7,1
Kasaï-Oriental_18_2,2018,1,52,10,3,9,0.10705607672238,7,1
Kasaï-Oriental_18_2,2018,1,52,10,36,36,0.10705607672238,7,1
Kasaï-Oriental_18_2,2018,1,52,10,43,50,0.10705607672238,7,1
Kasaï-Oriental_18_3,2018,1,52,13,3,9,0.0237902392716399,7,1
Kasaï-Oriental_18_3,2018,1,52,13,36,36,0.0237902392716399,7,1
Kasaï-Oriental_18_3,2018,1,52,13,43,50,0.0237902392716399,7,1
Kasaï-Oriental_18_4,2018,1,52,23,3,9,0.767235216510388,7,1
Kasaï-Oriental_18_4,2018,1,52,23,36,36,0.767235216510388,7,1
Kasaï-Oriental_18_4,2018,1,52,23,43,50,0.767235216510388,7,1
Kasaï-Oriental_18_5,2018,1,52,32,3,9,0.793404479709192,7,1
Kasaï-Oriental_18_5,2018,1,52,32,36,36,0.793404479709192,7,1
Kasaï-Oriental_18_5,2018,1,52,32,43,50,0.793404479709192,7,1
Kasaï-Oriental_18_6,2018,1,52,33,3,9,2.49797512352219,7,1
Kasaï-Oriental_18_6,2018,1,52,33,36,36,2.49797512352219,7,1
Kasaï-Oriental_18_6,2018,1,52,33,43,50,2.49797512352219,7,1
Kasaï-Oriental_18_7,2018,1,52,40,3,9,5.68586718592195,7,1
Kasaï-Oriental_18_7,2018,1,52,40,36,36,5.68586718592195,7,1
Kasaï-Oriental_18_7,2018,1,52,40,43,50,5.68586718592195,7,1
Kinshasa_18_1,2018,1,52,6,1,10,1.18594342769125,65,48
Kinshasa_18_1,2018,1,52,6,18,52,1.18594342769125,65,48
Kinshasa_18_2,2018,1,52,6,1,10,0.510300632376677,65,48
Kinshasa_18_2,2018,1,52,6,18,52,0.510300632376677,65,48
Kinshasa_18_3,2018,1,52,6,1,10,0.206975081663267,65,48
Kinshasa_18_3,2018,1,52,6,18,52,0.206975081663267,65,48
Kinshasa_18_4,2018,1,52,6,1,10,0.192700938100283,65,48
Kinshasa_18_4,2018,1,52,6,18,52,0.192700938100283,65,48
Kinshasa_18_5,2018,1,52,9,1,10,1.26683024121483,65,48
Kinshasa_18_5,2018,1,52,9,18,52,1.26683024121483,65,48
Kinshasa_18_6,2018,1,52,13,1,10,0.0309273110531319,65,48
Kinshasa_18_6,2018,1,52,13,18,52,0.0309273110531319,65,48
Kongo-Central_18_1,2018,1,52,13,1,1,0.0666126699605918,9,14
Kongo-Central_18_1,2018,1,52,13,13,20,0.0666126699605918,9,14
Kongo-Central_18_1,2018,1,52,13,33,49,0.0666126699605918,9,14
Maï-Ndombe_18_1,2018,1,52,13,3,3,0.0999190049408877,8,539
Maï-Ndombe_18_1,2018,1,52,13,47,52,0.0999190049408877,8,539
Nord-Kivu_18_1,2018,1,52,13,1,52,0.0915924211958138,777,"1,335"
Sud-Kivu_18_1,2018,1,52,13,1,52,0.0689916938877558,198,387
Tanganyika_18_1,2018,1,52,46,1,52,3.02849745927976,38,122
Haut-Katanga_19_1,2019,1,52,3,1,51,1.5024674282863,56,33
Haut-Katanga_19_2,2019,1,52,5,1,51,1.06808842486304,56,33
Haut-Katanga_19_3,2019,1,52,8,1,51,0.240809580147114,56,33
Haut-Katanga_19_4,2019,1,52,20,1,51,0.0898715179496408,56,33
Haut-Katanga_19_5,2019,1,52,21,1,51,0.0967847116380747,56,33
Haut-Katanga_19_6,2019,1,52,52,1,51,0.235048585406753,56,33
Haut-Lomami_19_1,2019,1,52,8,29,29,0.115219894807232,4,0
Haut-Lomami_19_1,2019,1,52,8,45,48,0.115219894807232,4,0
Haut-Lomami_19_2,2019,1,52,13,29,29,0.0403269631825311,4,0
Haut-Lomami_19_2,2019,1,52,13,45,48,0.0403269631825311,4,0
Haut-Lomami_19_3,2019,1,52,14,29,29,0.0921759158457854,4,0
Haut-Lomami_19_3,2019,1,52,14,45,48,0.0921759158457854,4,0
Haut-Lomami_19_4,2019,1,52,39,29,29,0.194721622224222,4,0
Haut-Lomami_19_4,2019,1,52,39,45,48,0.194721622224222,4,0
Haut-Lomami_19_5,2019,1,52,52,29,29,0.265005758056633,4,0
Haut-Lomami_19_5,2019,1,52,52,45,48,0.265005758056633,4,0
Kasaï_19_1,2019,1,52,21,1,10,0.0691319368843391,30,54
Kasaï_19_1,2019,1,52,21,23,30,0.0691319368843391,30,54
Kasaï_19_1,2019,1,52,21,37,50,0.0691319368843391,30,54
Maniema_19_1,2019,1,52,42,1,8,0.0460879579228927,24,12
Maniema_19_1,2019,1,52,42,24,52,0.0460879579228927,24,12
Nord-Kivu_19_1,2019,1,52,25,1,52,0.200482616964583,"1,195","1,858"
Nord-Kivu_19_2,2019,1,52,27,1,52,0.142872669560967,"1,195","1,858"
Nord-Kivu_19_3,2019,1,52,29,1,52,0.179743035899282,"1,195","1,858"
Nord-Kivu_19_4,2019,1,52,31,1,52,0.230439789614464,"1,195","1,858"
Nord-Kivu_19_5,2019,1,52,34,1,52,0.153242460093618,"1,195","1,858"
Nord-Kivu_19_6,2019,1,52,39,1,52,0.284593140173862,"1,195","1,858"
Nord-Kivu_19_7,2019,1,52,45,1,52,0.0610665442478328,"1,195","1,858"
Nord-Kivu_19_8,2019,1,52,52,1,52,0.564577484555436,"1,195","1,858"
Sud-Kivu_19_1,2019,1,52,11,1,52,0.0622187431959051,529,543
Sud-Kivu_19_2,2019,1,52,16,1,52,0.104850104274581,529,543
Sud-Kivu_19_3,2019,1,52,20,1,52,0.185504030639643,529,543
Sud-Kivu_19_4,2019,1,52,21,1,52,0.183199632743498,529,543
Sud-Kivu_19_5,2019,1,52,23,1,52,0.323767904408321,529,543
Sud-Kivu_19_6,2019,1,52,25,1,52,0.147481465353257,529,543
Sud-Kivu_19_7,2019,1,52,27,1,52,0.179743035899282,529,543
Sud-Kivu_19_8,2019,1,52,29,1,52,0.117524292703376,529,543
Sud-Kivu_19_9,2019,1,52,39,1,52,0.28344094122579,529,543
Sud-Kivu_19_10,2019,1,52,52,1,52,0.803082666806405,529,543
Tanganyika_19_1,2019,1,52,19,1,51,0.130198481132172,24,4
Tanganyika_19_2,2019,1,52,20,1,51,0.0645231410920498,24,4
Tanganyika_19_3,2019,1,52,21,1,51,0.0956325126900024,24,4
Tanganyika_19_4,2019,1,52,39,1,51,0.175134240106992,24,4
Tanganyika_19_5,2019,1,52,52,1,51,0.342203087577478,24,4
Tshopo_19_1,2019,1,52,39,1,40,0.0806539263650622,38,21
Tshopo_19_1,2019,1,52,39,47,49,0.0806539263650622,38,21
Tshopo_19_2,2019,1,52,52,1,40,0.42285701394254,38,21
Tshopo_19_2,2019,1,52,52,47,49,0.42285701394254,38,21
Haut-Katanga_20_1,2020,1,47,5,3,20,0.380744370429302,24,46
Haut-Katanga_20_2,2020,1,47,10,3,20,0.223310481190206,24,46
Haut-Katanga_20_3,2020,1,47,10,3,20,0.118354555030809,24,46
Haut-Katanga_20_4,2020,1,47,42,3,20,0.0457786486439923,24,46
Haut-Lomami_20_1,2020,1,47,31,19,19,0.0100489716535593,2,1
Haut-Lomami_20_2,2020,1,47,47,19,19,0.0614103823273068,2,1
Kasaï-Oriental_20_1,2020,1,47,12,4,19,0.0145151812773634,15,1
Kasaï-Oriental_20_2,2020,1,47,40,4,19,0.111655240595103,15,1
Kasaï-Oriental_20_3,2020,1,47,47,4,19,0.00893241924760826,15,1
Lualaba_20_1,2020,1,47,16,13,13,0.212144957130696,2,2
Lualaba_20_2,2020,1,47,16,13,13,0.122820764654614,2,2
Lualaba_20_3,2020,1,47,16,13,13,0.069226249168964,2,2
Nord-Kivu_20_1,2020,1,47,5,1,20,1.21034280805092,427,"1,044"
Sud-Kivu_20_1,2020,1,47,5,1,20,0.787169446195478,210,198
Tanganyika_20_1,2020,1,47,5,2,20,0.317100883290093,21,40